name,1960,1961,1962,1963,1964,1965,1966,1967,1968,1969,1970,1971,1972,1973,1974,1975,1976,1977,1978,1979,1980,1981,1982,1983,1984,1985,1986,1987,1988,1989,1990,1991,1992,1993,1994,1995,1996,1997,1998,1999,2000,2001,2002,2003,2004,2005,2006,2007,2008,2009,2010,2011,2012,2013,2014,2015
Afghanistan,,,,,,,,,,,-9.09E-13,8,16,24,32,40,48,56,64,72,80,88,96,104,112,120,128,136,144,152,160,160,160,160,160,160,160,160,6,124.88,126.47,243.517,3.2341,549.603,267.282,98.5663,40.0024,204.562,9.0196,158.068,349,349,349,,,
Albania,,,,,,,,,,,-1.14E-13,30.625,61.25,91.875,122.5,153.125,183.75,214.375,245,275.625,306.25,336.875,367.5,398.125,428.75,459.375,490,520.625,551.25,581.875,612.50426,609.6083,606.7393,604.137,601.925,600.585,599.85,596.825,105.5056,52.3243,1242.43,38.899,31.08596,103.2337,57.07185,74.784,77.51995,1872.64,141.3077,126.5924,153.0386,153.0386,153.0386,,,
Algeria,,,,,,,,,,,4.55E-12,0.951,1.218,3.23,4.01,6.96,11.79,17.45,24.4,34.65,43.9,85.25,92.9,97.35,106.9,113.25,147.6,187.95,229.3,276.65,333.0415,237.227,206.678,171.45,142.23,116.9,158,188.6,794.31,940.183,1398.61,843.92,598.686,855.018,936.976,1170.841,1280.147,3118.78,1047.36,1407.825,1008.072,1008.072,1008.072,,,
American Samoa,,,,,,,,,,,-2.22E-16,-7.77E-16,-3.33E-16,2.22E-16,-5.55E-16,7.77E-16,0,-4.44E-16,-8.88E-16,-4.44E-16,8.88E-16,2.22E-15,1.55E-15,-7.77E-16,-6.66E-16,4.44E-16,1.11E-16,1.33E-15,0,6.66E-16,1.33E-15,8.88E-16,-2.66E-15,-7.77E-16,3.33E-16,1.11E-16,1.55E-15,1.78E-15,2.22E-16,-1.78E-15,3.55E-15,0,0,0,0,-3.55E-15,0,0,3.55E-15,0,3.55E-15,-3.55E-15,7.11E-15,,,
Andorra,,,,,,,,,,,,,,,,,,,,,,,,,,,,,,,,,,,,,,,,,,,,,,,,,,,,,,,,
Angola,,,,,,,,,,,172.70908,164.88743,157.0627,149.23112,141.3955,133.55703,114.85609,106.70418,95.59058,85.74097,66.17916,50.82896,40.96308,32.78532,19.95378,7.11983,7.16565,7.23474,7.3028,7.33518,7.3846914,7.225269,7.18386,7.00319,6.716349,6.638638,6.600785,6.95042,545.419,531.83,501.504,477.4,501.369,553.255,558.373,563.447,521.815,513.018,513.898,532.497,547.081,547.081,547.081,,,
Antigua and Barbuda,,,,,,,,,,,-7.11E-15,1.78E-15,1.24E-14,1.78E-15,3.20E-14,1.78E-14,-3.55E-15,-5.33E-15,3.55E-14,1.60E-14,-3.20E-14,1.07E-14,3.55E-15,3.55E-14,3.55E-14,1.78E-14,-4.26E-14,-1.07E-14,-2.84E-14,2.13E-14,0.00131,0.0072,0.0209,0.0898,0.223,0.437,0.797,1.1,1.55,2.15,2.76,3.24,3.78,4.46,5.38,6.31,6.95,7.68,8.41,9.11,9.81,9.81,9.81,,,
Arab World,,,,,,,,,,,8.60E-13,1367.296,3948.268,5065.155,6552.31,8195.035,10081.24,11898.475,13501,15351.825,17288.65,18336.575,19950.8,20966.825,22722.95,24428.875,25351.8,26733.725,27498.65,28880.575,30455.78757,28912.6767,29096.25539,28943.45988,28671.07513,28502.46798,29528.1171,29696.54068,425470.1307,408474.3733,426031.3615,316720.5036,403544.032,388399.97,374145.2672,417729.3723,299335.5171,391279.841,382715.2284,367700.0791,311201.5184,311201.5184,311201.5184,,,
Argentina,,,,,,,,,,,16895.533,9893.95442,13405.33884,10148.6833,11396.18,13917.34,17246.16,11883.75,15480.1,17373.24,18723.07,16366.09,17522.43,17820.78,12845.67,14089.37,15610.95,20078.98,15897.87,16092.74,19099.98,17545.1841,17298.4751,19393.9027,11299.1975,13405.6992,14331.8979,24642.7,24604.3,44021.7,41245.3,45650.8,45199.2,59191.8,66071.1,50238.5,53693.6,57330.2,82795.2,58981.5,38286.6,38286.6,38286.6,,,
Armenia,,,,,,,,,,,153,169.8,185.6,205.4,221.2,241,256.8,267.6,278.4,295.2,302,312.8,326.6,291.4,145.8,87,92.8,98.6,104.4,110.2,116.028,117.846,119.521,121.913,125.294,130.846,137.367,142.878,89.9078,56.9655,111.6541,100.0395,113.981,153.84134,350.777,363.9259,527.144,422.20858,491.8041,519,709.543,709.543,709.543,,,
Aruba,,,,,,,,,,,4.44E-16,-6.66E-16,-4.00E-15,4.44E-16,3.11E-15,-6.66E-16,-1.33E-14,7.99E-15,3.20E-14,2.40E-14,1.42E-14,-5.15E-14,6.84E-14,-4.17E-14,-7.90E-14,3.02E-14,1.42E-14,-4.80E-14,-1.78E-15,1.78E-14,2.13E-14,-5.33E-14,3.38E-14,-3.73E-14,7.28E-14,4.26E-14,-3.55E-15,5.68E-14,-2.13E-14,3.55E-15,2.49E-14,2.49E-14,-4.17E-14,3.55E-15,-7.99E-15,-2.22E-14,-1.42E-14,-8.88E-15,-4.09E-14,2.13E-14,-7.99E-15,-2.49E-14,1.42E-14,,,
Australia,,,,,,,,,,,15711.019,12438.919,23447.921,13088.503,16113.115,20570.254,30360.926,30914.843,20821.564,31839.492,36151.718,19470.069,31480.692,22319.598,23541.789,39347.934,30338.415,22820.933,23437.314,25650.248,29933.842,34936.15,29118.382,24576.434,38778.99,23972.057,23861.026,409469,392308,642847,520911,664759,541526,452893,552558,310513,524325,432050,276734,483789,174653,174653,174653,,,
Austria,,,,,,,,,,,670.4,697.781,664.315,723.76,748.47,759.59,787.92,833.46,858.33,899.36,922.07,937.8,954.22,981.8,1407.8,1455,1480.5,1580.6,1699.8,1750.2,1725.9,1387.5,1115,1011.5,1220.7,1445.2,1707,1667,1174,1296.2,1421,1584.029729,1759.96717,1938.8201,2144.04403,2231.50369,2506,2684,2875.27283,4529.27424,3249,3249,3249,,,
Azerbaijan,,,,,,,,,,,204,222.75,239.5,263.25,280,302.75,319.5,330.25,340,358.75,364.5,375.25,389,425.75,414.5,427.25,435,426.75,427.5,310.25,251.00588,245.0639,203.152,164.509,124.048,100.18,83.32,110.32,521.606,494.789,463.531,889.151,499.782,590.545,985.885,572.446,1185.207,552.239,525.865,406.449,1141.85,1141.85,1141.85,,,
Bahamas,,,,,,,,,,,7.82E-14,6,12,18,24,30,36,42,48,54,60,66,72,78,84,90,96,102,108,114,120,120,120,120,120,120,120,120,22,7.11E-14,2.98E-13,20.1321,4.32345,5.21437,-2.13E-13,104.269,50.6929,4.12E-13,52.7379,37.8688,12.7912,12.7912,12.7912,,,
Bahrain,,,,,,,,,,,3.06E-13,121,1460,1230,1400,1380,1450,1440,1460,1500,1500,1550,2040,2050,2110,2080,2130,2150,2180,2230,2540,397,435,499,335,312,299,295,279,257,236,218,193,197,197,279,324,321,321,312,320,320,320,,,
Bangladesh,,,,,,,,,,,8357.42,8443.5,8526.23,8612.32,8698.41,8781.13,8857.13,9077.74,9153.74,9229.74,9305.74,9381.74,9457.74,9533.74,11745.43,9826.99,9902.99,9978.99,10054.99,10130.99,10206.99,10206.99,10206.99,10206.99,10206.99,10206.99,10206.99,10206.99,48,4337,686,1694.34,335,309.051,428.014,451.068,1938,1953,355,1620,1328.77,1328.77,1328.77,,,
Barbados,,,,,,,,,,,3.55E-14,-7.11E-15,1.07E-13,2.13E-14,-7.11E-15,6.39E-14,-7.11E-15,-6.39E-14,-2.13E-14,-2.13E-14,-6.39E-14,-2.84E-14,6.39E-14,-7.11E-14,-7.11E-14,-3.55E-14,1.49E-13,1.56E-13,1.28E-13,-7.11E-14,-9.95E-14,9.95E-14,-9.95E-14,2.84E-14,0,-4.26E-14,7.11E-14,0,-1.85E-13,1.14E-13,4.26E-14,-8.53E-14,1.42E-13,-2.84E-14,-9.24E-14,-7.82E-14,1.42E-14,5.68E-14,-1.49E-13,3.55E-14,1.42E-14,1.28E-13,2.84E-14,,,
Belarus,,,,,,,,,,,41515,41515,41515,41515,41515,41515,41515,41515,41515,41515,41517.2,41517.22,41517.24,41517.25,41517.27,41517.28,41517.34,41517.4,41517.45,41517.51,41517.5916,41518.062,41519.13,41522.34,41526.54,41536.99,41551.2,41569.5,182.891,3451.3,1012.945,202.6783,7156.38,388.564,403.2267,491.1772,612.711,586.1205,678.6863,833.544,553.0232,553.0232,553.0232,,,
Belgium,,,,,,,,,,,5.87,25.6307,42.3514,61.9922,79.123,99.754,121.484,143.315,165.646,190.576,216.26,240.47,268.69,290.41,319.82,342.83,372.89,406.16,429.42,451.68,485.468,498.31,538.379,552.109,621.817,740.788,858.116,967.286,852.8,993.1,1197.2,1305,1479.6,1643.6,1835.8,1998.6,2217.8,2412.2,2606.9,2683.9,2779.5,2779.5,2779.5,,,
Belize,,,,,,,,,,,-2.84E-14,2,4,6,8,10,12,14,16,18,20,22,24,26,28,30,32,34,36,38,40,40,40,40,40,40,40,40,282,437,841,-2.84E-14,700,2580,63,910,112,644,208,299,164,164,164,,,
Benin,,,,,,,,,,,28803,28149.5,27860.1,30044,24021.5,25511.7,26117.3,30376.6,26126.9,28350.5,34756,29376.1,33749.8,31593.4,31465.5,28827.2,29089.6,30266.8,28218.1,30481.9,37916.8,30686.8,35386.9,33022.1,32884.1,36332,35413.7,36083,40512.6,33886,30835,23647,37130,27493,21627,38572,25212,26562,21687,21996,17453,17453,17453,,,
Bermuda,,,,,,,,,,,-2.13E-14,0.2,0.4,0.6,0.8,1,1.2,1.4,1.6,1.8,2,2.2,2.4,2.6,2.8,3,3.2,3.4,3.6,3.8,4,3.97778,3.95556,3.93333,3.91111,3.88889,3.86667,3.84444,-2.66E-14,1.07E-14,5.86E-14,-2.31E-14,-5.15E-14,2.13E-14,3.91E-14,-3.20E-14,1.07E-14,2.84E-14,-1.42E-14,-1.07E-14,-2.13E-14,-9.59E-13,3.20E-14,,,
Bhutan,,,,,,,,,,,1.14E-13,-1.42E-14,-1.42E-14,4.26E-14,0,5.68E-14,-2.84E-14,0,-2.84E-14,-2.84E-14,2.84E-14,-8.53E-14,-8.53E-14,-1.71E-13,2.84E-14,-8.53E-14,-1.14E-13,-5.68E-14,-1.71E-13,-1.71E-13,2.84E-14,-1.71E-13,2.27E-13,8.53E-14,5.68E-14,-1.42E-13,-2.84E-14,-1.71E-13,312,1949.49,643.599,59.1967,135.271,17.7082,44.62,30.4071,34.9797,571.422,33.785,92.7145,488.463,488.463,488.463,,,
"Bolivia, Plurinational State of",,,,,,,,,,,140780.8,99228.375,120030.85,100332.325,107256.3,120912.175,139662.95,107864.725,130036,137185.675,145991.85,132529.725,139681.4,142376.975,112237.25,118350.525,125499.1,153263.075,128510.65,129754.025,149126.9,140840.7,149335.4,163836.9,115568.5,127271.4,131724.9,132968.7,95786.4,157402,51542.6,21858.6,65921.6,85331.5,158902,253747,125092,186513,77858.9,34048.3,57475.9,574759,574759,,,
Bosnia and Herzegovina,,,,,,,,,,,133,372.5,237,306.5,479,556.5,656,477.5,498,624.5,625,673.5,867,1001.5,1089,1076.5,994,983.5,1042,1037.5,967.00304,890.2172,683.4568,508.851,449.539,437.283,432.868,467.46,450.646,960.302,4183.34,704.216,337.2563,1487.88,491.5511,572,699.0699,1499.333,819.1792,923.404,896.8828,896.8828,896.8828,,,
Botswana,,,,,,,,,,,0,20,40,60,80,100,120,140,160,180,200,220,240,260,280,300,320,340,360,380,400,400,400,400,400,400,400,400,24769.3,24967.6,30398.1,42171.2,37820.9,7565.33,12793,12365.4,33421.9,15201.2,62717,12159,70325.5,70325.5,70325.5,,,
Brazil,,,,,,,,,,,841423.896,593686.178,718769.657,602037.174,644109.822,726486.953,839534.756,650527.741,783910.82,827844.988,881626.156,801798.829,845184.996,862924.992,683486.754,721843.317,766162.261,933035.528,786255.461,794581.061,911085.364,861737.02,912692.364,999110.5,710194.974,779817.489,805110.057,812539.453,1377508,727021,365399,377553,667189,660534,924432,1290330,653288,1710430,510194,216412,1816130,1816130,1816130,,,
Brunei Darussalam,,,,,,,,,,,7624.4,4824.78,6179.02,9079.14,4928.5,4834.16,4659.11,7384.38,9044.62,7811.12,9373.84,8140.34,8062.81,15520.4,8876.3,7447.92,8818.78,11930.92,9343.05,6368.56,10734.09,9586.571,14139.289,11544.197,10109.025,11572.396,8697.751,8622.993,3196.6,54.4,101,128,241,191,229,258,294,327,360,395,427,427,427,,,
Bulgaria,,,,,,,,,,,9.09E-12,10.8,21.6,32.4,43.2,54,64.8,75.6,86.4,97.2,110.02,120.83,131.64,142.44,153.25,164.05,174.88,185.71,196.53,207.35,218.2008,216.394,215.132,216.215,220.805,235.972,245.548,252.131,135.7855,213.502,468.205,691.527,256.4667,327.0412,465.145,441.3303,696.183,1197.586,697.096,643.9539,713.4545,713.4545,713.4545,,,
Burkina Faso,,,,,,,,,,,0,10,20,30,40,50,60,70,80,90,100,110,120,130,140,150,160,170,180,190,200,200,200,200,200,200,200,200,29916.1,26412.4,31096.8,24686.2,33740,26622.1,25239.1,28752,21720,21724.1,18945.2,20884.4,20544,20544,20544,,,
Burundi,,,,,,,,,,,-2.27E-13,3.315,6.63,9.945,13.26,16.575,19.89,23.205,26.52,29.835,33.15,36.465,39.78,43.095,46.41,49.725,53.04,56.355,59.67,62.985,66.3,76.3755,86.479,96.6112,106.772,116.961,127.178,137.424,3249.74,302.751,1064.56,216.107,1278.51,1289.63,1257.65,890.246,667.228,433.78,581.749,623.541,488,488,488,,,
Cape Verde,,,,,,,,,,,-7.11E-15,-7.11E-15,1.07E-14,1.07E-14,-7.11E-15,-1.42E-14,-3.55E-15,3.55E-15,1.07E-14,-2.49E-14,-2.84E-14,-1.07E-14,0,7.11E-15,7.11E-15,-7.11E-15,7.11E-15,2.13E-14,-7.11E-15,0,7.11E-15,0,2.13E-14,0,-7.11E-15,2.84E-14,7.11E-15,1.42E-14,-2.84E-14,1.42E-14,2.84E-14,-2.84E-14,7.11E-15,1.42E-14,-1.42E-14,-2.84E-14,-1.42E-14,1.42E-14,1.42E-14,2.84E-14,1.42E-14,0,0,,,
Cambodia,,,,,,,,,,,-4.55E-13,1.36E-12,-1.82E-12,-9.09E-13,-9.09E-13,9.09E-13,-2.27E-13,-4.55E-13,0,0,1.82E-12,0,0,0,-9.09E-13,4.55E-13,1.36E-12,-9.09E-13,-2.27E-12,2.27E-12,4.55E-13,-4.55E-13,1.82E-12,1.82E-12,-1.36E-12,-9.09E-13,0,-2.27E-12,95387.3,34443.7,23021,43100.4,84748.2,81680.4,149291,71565.3,65785.2,129413,71281.9,45690.9,73300,73300,73300,,,
Cameroon,,,,,,,,,,,49183,48036.2,47413.8,50993.8,41034.6,43476.2,44426,51365.5,44129.5,47795.7,58228.3,49561.8,56682.3,52917.5,53375.8,48488.7,48593.9,50839.1,47472.5,51287.8,63559.4,51595.9,59301.8,55425.4,55128.8,60675.5,59205.5,60321.6,130237,106862,130090,84523.7,99472.3,138321,68088.9,131663,90767.6,69869.4,78965.2,75454.2,61271.7,61271.7,61271.7,,,
Canada,,,,,,,,,,,45165.9,51321.05,22635.3,23091.95,30867.5,33444.45,62935.7,44969.85,19904.61,89207.25,128959.5,133502.15,52600.9,53310.45,29081.9,32951.25,36760.7,38799.65,46199.9,168386.35,37324.2,55234,35486.6,65593.1,168718,176866,51006,27776.6,433532,137509,63284,34631.4,208413,222112,313829,129098,196260,155403,199966,70351.7,73281.7,339329,339329,,,
Caribbean small states,,,,,,,,,,,15113.95,11033.1502,13319.1905,11615.0807,12578.011,14026.0412,16304.5914,13273.1117,15882.1319,16820.0422,17972.112,16676.396,17669.294,18100.598,15111.986,16028.819,17002.359,19870.401,17607.691,18137.232,20404.6908,19541.27557,20441.10138,21927.42188,16887.72839,18119.03691,18622.67119,18757.2866,5121.973,803.414,1158.254,361.7711,1517.05045,4137.28737,687.807,1444.7975,654.2079,1285.8042,1560.6939,1958.9308,658.0692,658.0692,658.0692,,,
Cayman Islands,,,,,,,,,,,7.55E-15,0.2,0.4,0.6,0.8,1,1.2,1.4,1.6,1.8,2,2.2,2.4,2.6,2.8,3,3.2,3.4,3.6,3.8,4,4,4,4,4,4,4,4,-3.38E-14,-2.66E-14,-1.78E-14,1.60E-14,-1.07E-14,-1.42E-14,-1.78E-15,2.49E-14,3.02E-14,2.49E-14,-2.13E-14,1.78E-15,3.55E-15,3.73E-14,1.60E-14,,,
Central African Republic,,,,,,,,,,,41240.36667,40268.36667,39800.86667,42790.16667,34318.23333,36337.2,37075.66667,42943.13333,36922.23333,39953.5,48812.4,41197.6,47220.3,44112.9,43842.7,40074.33333,40424.83333,42056.93333,39183.3,42330.76667,52704.9,42603.03333,49169.46667,45866.33333,45672.8,50490.7,49208.56667,50141.36667,499579,383570,441206,375053,300210,475941,292587,399157,395963,374690,390802,267323,328214,328214,328214,,,
Central Europe and the Baltics,,,,,,,,,,,28459.03,30395.9557,31651.2655,33361.2071,35581.0729,37279.7282,38832.8144,39897.4697,41298.2559,42897.8212,44540.601,45735.289,46842.472,48456.851,50226.847,51724.24,53212.248,54933.26,56140.259,57594.283,57746.98967,56728.74491,55061.75812,54616.37833,54369.47744,54316.19156,54075.69167,53946.70678,4754.85951,4539.4747,5456.04759,6019.20791,6396.17062,6802.6656,7872.50445,8956.62463,10411.49575,11568.59618,12355.99224,12905.06946,14688.53264,14688.53264,14688.53264,,,
Chad,,,,,,,,,,,9.09E-13,1,2,3,4,5,6,7,8,9,10,11,12,13,14,15,16,17,18,19,20,20,20,20,20,20,20,20,91834.3,103516,108336,83740.3,106586,109626,101028,101870,95499.5,98894.5,86265.2,70930.2,76349.1,76349.1,76349.1,,,
Channel Islands,,,,,,,,,,,,,,,,,,,,,,,,,,,,,,,,,,,,,,,,,,,,,,,,,,,,,,,,
Chile,,,,,,,,,,,815.838,406.8852,620.0995,433.3637,513.261,652.4182,836.0224,532.1097,740.5029,809.9682,874.933,728.992,795.155,811.977,519.941,600.126,697.661,949.989,706.393,712.884,902.948,832.563,917.525,1035.511,555.865,692.74,746.65,760.129,5288.531,3513.692,1856.422,4126.576,2717.854,2893.557,1767.335,1836.409,268.457,2767.181,2733.166,3015.762,1739.248,1739.248,1739.248,,,
China,,,,,,,,,,,6162.7054,7494.4795,10674.2054,15222.5204,14751.0195,16885.8695,19631.5795,24306.5174,27991.5304,29580.5174,33018.7504,34258.5374,36705.8774,45197.931,42979.7574,45238.9444,48878.0174,54867.0334,56716.9474,57141.1095,61863.8604,61548.4074,68051.7948,73808.1204,82723.8474,79395.8204,82033.0144,92109.6544,64134.4,88135.4,104677.3,79696.75,110660.1,198794.4,177606.4,204640.3,239776.7,222997.4,243724.5,244767.8,251254.1,251254.1,251254.1,,,
Colombia,,,,,,,,,,,48819.89,34414.0552,41629.9605,34802.3557,37206.591,41946.5162,48452.5114,37434.0967,45129.7819,47618.2672,50680.352,46053.331,48544.914,49488.593,39056.876,41190.554,43658.429,53275.516,44677.591,45092.777,51792.852,48933.1392,51900.6308,56943.017,40221.3092,44291.2958,45821.079,46236.3742,22627.291,17572.202,26099.402,17859.806,11075.914,27670.117,37319.225,11712.129,9488.705,30536.741,13238.946,12187.852,3581.948,3581.948,3581.948,,,
Comoros,,,,,,,,,,,7.11E-15,2.13E-14,7.11E-15,-1.42E-14,1.42E-14,-2.84E-14,-2.13E-14,2.84E-14,1.42E-14,1.42E-14,-7.11E-15,-2.13E-14,1.42E-14,-2.13E-14,7.11E-15,0,-1.42E-14,2.13E-14,-2.84E-14,1.42E-14,3.26E-05,0.000156,0.000518,0.00206,0.00399,0.00846,0.0111,0.0129,0.0147,0.0174,0.0114,0.0389,0.0768,25.121,11.167,101.233,6.266,23.311,73.356,7.397,4.437,4.437,4.437,,,
"Congo, the Democratic Republic of the",,,,,,,,,,,1325008,796313,843639,894508,788942,916264,815032,929799,978800,1273136,1072351,946215,1062779,1069998,853195,861297,797377,1075722,782465,865240,1188024,1003150.22,1557876.44,928547.67,1065458.89,1073476.11,924160.33,880618.56,885241,720846,737546,561925,634509,642531,692199,679424,746341,552930,617553,595418,655335,655335,655335,,,
Congo,,,,,,,,,,,55530.3,33370.4,35351.7,37481.8,33053.6,38387.7,34142.9,38951,41002.7,53334.5,44916.6,39631,44513.1,44813.4,35726.5,36061.9,33382.6,45044.9,32753.2,36220.3,49744.3004,41994.60236,65240.90719,38869.0267,44604.9518,44938.413,38681.416,36853.59,18590.421,15060.916,12793.146,17859.83,13255.96,22062.54,20091.36,23456.78,24297.49,16908.96,17541.72,20046.37,20969.82,20969.82,20969.82,,,
Costa Rica,,,,,,,,,,,-6.82E-13,2,4,6,8,10,12,14,16,18,20,22,24,26,28,30,32,34,36,38,40.00522,40.0337,40.12,40.521,41.26,42.67,44.79,47.37,114.6,238.4,42.2,1159.32,142.2,336.945,228.2,131.8,213.8,230.2,144.7,290.1,375.369,375.369,375.369,,,
Côte d'Ivoire,,,,,,,,,,,100549.2,98225.7,97132.9,104469.8,83866.3,88836.1,90684.5,105037.5,90406.5,97842.7,119491.2,100975.6,115707.2,108181.4,107566.1,98430,99330.3,103360.6,96399.6,104124.4,129464.6,104847.31,120867.82,112829.03,112363.14,124120.76,121008.57,123290.98,-1.82E-12,9.09E-13,-1.82E-12,-1.82E-12,-9.09E-13,9.09E-13,1.82E-12,1.82E-12,9.09E-13,0,0,1.27E-11,-4.18E-11,-1.64E-11,-4.91E-11,,,
Croatia,,,,,,,,,,,167,444.125,254.25,317.375,513.5,587.625,689.75,444.875,450,587.125,565.25,604.375,825.5,898.625,948.75,982.875,1012,977.125,891.25,872.375,892.50516,634.52291,329.58522,287.90233,280.65444,299.42056,324.74667,262.95278,473.728,88.8,456.284,202.447,74.6653,284.359,80.5205,61.97921,107.092,169.6234,134.1018,137.3694,89.3,89.3,89.3,,,
Cuba,,,,,,,,,,,366.599,618.157,768.809,919.461,1177.745,1335.123,1381.506,1643.153,1800.531,2290.894,2253.186,2195.3,2900.927,2641.229,2909.602,3070.343,3342.079,3613.815,3777.919,3723.396,3867.3544,4215.887,3925.469,4160.26,4079.596,4077.717,4208.661,3911.51,1063.84,1329.71,1062.27,871.791,591.3,1339.4,3415.97,2718.84,3299.29,1590.39,1199.66,3463.98,1215.34,1215.34,1215.34,,,
Curaçao,,,,,,,,,,,,,,,,,,,,,,,,,,,,,,,,,,,,,,,,,,,,,,,,,,,,,,,,
Cyprus,,,,,,,,,,,-1.99E-13,2.27E-13,0,-1.14E-13,2.56E-13,-8.53E-14,8.53E-14,-1.42E-13,-2.84E-13,2.27E-13,2.27E-13,1.14E-13,-1.42E-13,3.41E-13,-8.53E-14,8.53E-14,-6.25E-13,6.54E-13,-2.84E-13,-5.12E-13,0.0354,0.212,0.719,2.84,6.87,15,24.6,32.9,98.6,61.5,161.4,103.6601,131.0163,192.266,167,194,216,239,261,284.41555,310,310,310,,,
Czech Republic,,,,,,,,,,,486.17,486.2405,486.301,486.3714,486.4419,486.502,486.573,486.643,486.714,486.794,489.15,489.21,489.29,489.35,489.41,489.48,489.6,489.71,489.83,489.94,490.1488,490.881,493.14,503.7,525.08,575.1,640.17,685.85,261.13,345.4,441.8,556.45682,658.8108,798.0094,925.88129,1123.09,1236.69,1372.43188,1507.96,2533.14562,3655.03,3655.03,3655.03,,,
Denmark,,,,,,,,,,,6.96,161.6602,312.4805,466.8807,614.721,772.2012,928.9614,1084.7217,1241.4819,1399.3422,1551.04,1706.29,1863.45,2019.9,2170.26,2336.41,2496.49,2650.27,2800.04,2949.23,3113.438,3105.09,3113.24,3121.2,3160.37,3211.7,3249.47,3318.12,516.7,631.81698,766.8,851.6,961,1073.76031,1192.37441,1314.06047,1453.1,1577.39879,1706.80511,1725.936074,1747,1747,1747,,,
Djibouti,,,,,,,,,,,4.26E-14,3,6,9,12,15,18,21,24,27,30,33,36,39,42,45,48,51,54,57,60,60.6668,61.3332,62,62.6668,63.3332,64,64.6668,22,0,18,12,24,2,13,6,6,13,23,19,17,17,17,,,
Dominica,,,,,,,,,,,-5.33E-15,0.2,0.4,0.6,0.8,1,1.2,1.4,1.6,1.8,2,2.2,2.4,2.6,2.8,3,3.2,3.4,3.6,3.8,4,3.97778,3.95556,3.93333,3.91111,3.88889,3.86667,3.84444,-1.42E-14,3.55E-15,-3.55E-15,-7.11E-15,-7.11E-15,-1.78E-14,-1.07E-14,-3.55E-15,-7.11E-15,-1.07E-14,2.49E-14,-1.07E-14,3.55E-15,1.07E-14,1.02E-12,,,
Dominican Republic,,,,,,,,,,,164.976,219.078,226.004,232.93,287.036,297.325,253.708,311.177,321.466,483.372,402.661,315.242,574.856,393.089,453.906,464.195,525.029,585.862,599.514,512.077,515.64,670.84224,536.26244,640.93668,600.70388,597.56312,651.69232,513.74956,422.09,226.534,998.885,885.549,66.3257,125.125,119.991,1270.66,91.1942,89.1008,170.158,82.9068,156.225,156.225,156.225,,,
East Asia & Pacific (all income levels),,,,,,,,,,,816883.6612,543938.3378,1013238.456,1001776.055,588318.9212,588276.1452,708246.8322,1207290.214,1073744.122,1134431.838,1295124.628,1108294.471,2576811.238,2136264.654,1263888.454,1187658.263,1589901.15,2364043.519,1409067.288,1224939.585,1795875.048,2519229.11,2825706.348,2071047.602,2562226.219,2037305.894,1778221.388,4966329.018,1773566.194,1344121.493,942947.7829,1176033.999,2025922.45,1193326.387,1692745.371,1224955.131,2379887.332,1344758.086,897333.4018,1483673.313,884104.8079,1207261.708,1227261.708,,,
East Asia & Pacific (developing only),,,,,,,,,,,782639.9822,514925.9474,969299.1915,961251.0832,550148.9062,545265.8502,651495.8712,1141608.047,1014067.847,1061995.572,1213379.932,1047319.054,2505149.251,2061893.761,1193707.709,1103103.103,1510556.962,2285604.676,1331906.934,1147049.066,1702338.428,2416359.024,2718516.718,1963327.92,2443115.804,1910777.591,1658615.501,4460506.164,1301855.137,621206.957,346543.304,438537.25,1410167.245,664880.2608,1066003,836877.92,1773725.918,826030.1679,530202.33,909776.805,614739.5974,937896.4974,957896.4974,,,
Ecuador,,,,,,,,,,,503.12,374.723,468.921,416.9,461.239,531.104,617.574,525.782,623.344,668.875,721.115,692.446,737.961,766.87,679.427,720.399,766.916,887.826,817.005,843.731,930.2271,900.405,933.793,985.443,812.688,857.865,876.117,884.543,847.402,382.102,1969.78,1785.64,261.149,472.632,942.183,969.773,465.339,1378.05,660.738,1237.31,141.0732,141.0732,141.0732,,,
Egypt,,,,,,,,,,,-9.09E-13,76.375,134.75,214.625,267.5,413.575,905.25,1321.125,1442,1538.875,1715.75,1894.625,2014.5,2062.375,2192.25,2513.125,2244,2454.875,2257.75,2238.625,2067.5281,2172.662,2143.012,2072.55,2076.34,1911.9,2397.2,2097.9,2285.6,2451.2,2622.2407,2694.0702,2786.8844,2845.1266,2981.2858,3245.9167,3411.6224,3586.6515,3677.183,3828.4294,3964.5845,3964.5845,3964.5845,,,
El Salvador,,,,,,,,,,,-6.82E-13,4,8,12,16,20,24,28,32,36,40,44,48,52,56,60,64,68,72,76,80.000101,80.000682,80.00248,80.0113,80.0293,80.0672,82.56,86.43,166.975,260.078,387.4,922.955,549.761,375.626,637.278,450.404,500.962,359.384,301.302,448.319,140.2596,140.2596,140.2596,,,
Equatorial Guinea,,,,,,,,,,,-5.33E-15,0.4,0.8,1.2,1.6,2,2.4,2.8,3.2,3.6,4,4.4,4.8,5.2,5.6,6,6.4,6.8,7.2,7.6,8,8,8,8,8,8,8,8,4.26E-14,2.70E-13,-7.11E-15,6.32E-13,1.56E-13,-1.42E-14,3.62E-13,-3.27E-13,-7.18E-13,8.53E-14,-2.91E-13,6.96E-13,5.68E-14,-2.63E-13,-1.28E-13,,,
Eritrea,,,,,,,,,,,3.41E-13,1.14E-13,-1.14E-13,1.14E-13,1.14E-13,0,-1.14E-13,-2.27E-13,4.55E-13,1.14E-13,-1.14E-13,1.14E-13,-3.41E-13,1.14E-13,-1.14E-13,-2.27E-13,2.27E-13,2.27E-13,0,2.27E-13,2.27E-13,-1.14E-13,-2.27E-13,-3.41E-13,-3.41E-13,0,0,0,209,220,263.666,171.012,116.323,73,45,27,44,266,256,-3.18E-12,18,18,18,,,
Estonia,,,,,,,,,,,13927.09,13927.1202,13927.1505,13927.1807,13927.221,13927.2512,13927.2914,13927.3217,13927.3619,13927.3922,13927.769,13927.804,13927.834,13927.87,13927.911,13927.947,13927.988,13928.04,13928.081,13928.141,13928.17941,13666.654,13407.3649,13150.476,12895.845,12644.38,12395.25,12148.64,9.25,11.08,13.3,16.18,52.0218,30.05248,36.91192,39.62,91.8851,48.39,53.62,59.66424,63.89,63.89,63.89,,,
Ethiopia,,,,,,,,,,,-3.64E-12,17.5,35,52.5,70,87.5,105,122.5,140,157.5,175,192.5,210,227.5,245,262.5,280,297.5,315,332.5,350.000553,359.72564,369.45205,379.1955,388.9566,398.758,408.828,418.93,113598.2,137652.91,107067.62,67270.92,99815.38,88029.59,90671.47,111126.3,72953.4,87990.4,71617.2,74186.5,73537,73537,73537,,,
Euro area,,,,,,,,,,,63245.567,65586.6203,67294.20055,70792.6302,74532.1055,74452.2421,77089.68235,80296.3426,81123.44834,82231.09684,85054.83129,85969.29501,84691.17781,85377.56239,88554.85802,87918.63549,95939.62164,104474.7528,114019.3346,122912.4802,128633.808,128529.5966,126989.3342,129561.7983,128846.947,126597.2761,131660.4345,132525.2741,74298.49001,63968.4513,76852.0682,64406.00286,65561.77402,77258.65636,73795.11474,89001.73317,85863.66557,92991.7527,91383.88283,98217.6732,103457.1371,103457.1371,103457.1371,,,
Europe & Central Asia (all income levels),,,,,,,,,,,454382.4577,452669.5947,514687.5903,477439.4643,470724.1934,474550.5433,499084.4231,499216.53,495405.6382,500844.653,508109.3486,520528.9988,520892.5097,520668.5408,537129.9115,549280.5936,577976.8005,592182.8437,608119.2266,622808.879,654084.0389,626596.3985,613392.0495,618101.4756,604598.2337,581439.3363,683126.6211,599969.7775,1359954.945,445924.3828,675631.8613,539376.4599,895888.6581,1331468.649,257846.4204,389208.7908,570469.9942,387023.1155,784031.8771,446836.7574,478427.9722,556609.9722,556609.9722,,,
Europe & Central Asia (developing only),,,,,,,,,,,58631.868,57491.64372,71658.5961,60685.151,57917.26595,58932.03595,63481.558,61762.64272,59935.56595,60443.73595,61546.13595,63999.60272,63799.80272,62634.73595,65494.80272,68245.478,72733.09072,73126.36072,73680.61072,74090.88072,78731.92974,71796.83253,70712.40233,70530.15402,68009.90323,63566.80402,88368.0767,68480.82452,33738.00071,20361.86533,28969.03639,34865.0518,83976.80087,34877.18513,44947.22524,42105.36968,52759.42489,41469.51878,42928.5347,28229.28451,48248.94225,48248.94225,48248.94225,,,
European Union,,,,,,,,,,,68937.139,73897.185,78117.44215,84781.6343,91605.7714,93751.5783,99008.65405,104767.7923,107716.2722,111309.946,116570.3227,118666.7211,118481.075,121743.9699,127626.2788,129080.5706,139354.8497,150050.398,161942.9859,172963.7233,179138.287,180798.1623,176150.7862,177875.8316,179779.2655,178517.3843,183632.6414,184691.267,89398.74151,79348.19348,92501.16359,80389.83508,82407.85792,95488.26687,92322.33227,109217.6142,108566.7108,117759.2885,117440.3256,123899.9103,131522.7444,131522.7444,131522.7444,,,
Faroe Islands,,,,,,,,,,,0,0.525,1.05,1.575,2.1,2.625,3.15,3.675,4.2,4.725,5.25,5.775,6.3,6.825,7.35,7.875,8.4,8.925,9.45,9.975,10.5,10.5,10.5,10.5,10.5,10.5,10.5,10.5,2.66E-15,4.44E-15,3.55E-15,2.66E-15,-2.66E-15,-7.11E-15,2.66E-15,-1.78E-15,-8.88E-16,8.88E-16,1.78E-15,3.73E-14,3.46E-14,2.93E-14,3.91E-14,,,
Fiji,,,,,,,,,,,-5.68E-14,4,8,12,16,20,24,28,32,36,40,44,48,52,56,60,64,68,72,76,80,80,80,80,80,80,80,80,254,0,9,6,4,133,11,6,19,40,17,290,52,52,52,,,
Finland,,,,,,,,,,,240.215,285.4639,546.94755,822.7511,1082.698,1350.9285,1613.67615,1896.5469,257.02754,299.08354,336.79289,369.47621,402.63041,434.94479,463.42142,504.23769,535.01854,559.66054,579.25152,602.06844,629.33141,632.13913,655.57551,666.56434,704.67778,750.69174,784.87092,824.21033,936.93,450.8,530.7,581.07244,723.8711,943.853,764.3,870.5559,943.8264,1033.0241,1087.51016,1094.38085,1284.34,1284.34,1284.34,,,
Fragile and conflict affected situations,,,,,,,,,,,2051847.577,1310388.996,1452825.348,1723208.629,1285486.511,1415819.686,1303261.747,1637259.242,1781649.09,2004226.102,1946734.408,1699737.095,1836361.447,2364035.141,1667497.473,1558450.321,1592168.55,2103155.755,1608118.36,1491423.368,2171726.753,1861099.445,2775138.955,1935930.639,1970711.32,2101438.474,1737600.294,1690232.506,2361937.518,1998865.232,1949638.136,1616618.893,1739625.35,1933868.774,1888685.778,1958036.493,1829285.397,1865079.765,1756844.832,1648885.911,1772589.877,1972589.877,1972589.877,,,
France,,,,,,,,,,,5426.9,5418.375,5659.35,5876.125,6036.5,6022.875,6651.25,7331.625,7708,8324.38,8963.75,9153.12,9022.5,9071.88,9501.25,8500.62,9070,9839.38,10288.75,10108.12,12247.5,12818.2,14328.9,16879.57,14420.27,10780.98,11581.68,12272.35,11361.371,11942.107,13632.499,13369.2098,14074.8375,15050.556,15276.3832,15168.6463,16518.8161,17933.5459,19364.9017,20118.0144,21845.127,21845.127,21845.127,,,
Franch Guyana,,,,,,,,,,,8247.37,6013.49,7430.43,6477.59,7082.19,8081.09,9379.9,7715.62,9216.63,9834.47,10549.83,9960.82,10578.66,10936.93,9373.94,9931.45,10549.71,12374.2,11124.58,11398.57,12731.03,12245.51,12744.48,13593.61,10765.42,11453.35,11713.12,11787.32,3896.31,47,7,86,290.083,989.146,53.122,25.0095,20,97.0632,49,583,18,18,18,,,
French Polynesia,,,,,,,,,,,1.60E-14,0.2,0.4,0.6,0.8,1,1.2,1.4,1.6,1.8,2,2.2,2.4,2.6,2.8,3,3.2,3.4,3.6,3.8,4,3.97778,3.95556,3.93333,3.91111,3.88889,3.86667,3.84444,-4.97E-14,-3.55E-14,-4.26E-14,-4.26E-14,2.84E-14,2.84E-14,3.55E-14,7.11E-15,2.84E-14,9.95E-14,2.13E-14,-2.84E-14,-4.26E-14,-4.26E-14,-4.26E-14,,,
Gabon,,,,,,,,,,,4537.18,2729.26,2890.33,3068.23,2708.36,3146.69,2798.86,3196.35,3365.6,4373.43,3688.71,3257.63,3658.56,3685.52,2945,2972.5,2755.39,3712.8,2708.44,2993.02,4100.75162,3468.6626,5373.0027,3220.3898,3691.3318,3721.3062,3211.6732,3063.9156,26484.98,25252.24,22621.92,2483.91,2008.81,3154.97,3922.16,2988.48,4396.61,4071.7,49349.9,4440,23213.1,23213.1,23213.1,,,
Gambia,,,,,,,,,,,5.68E-14,4,8,12,16,20,24,28,32,36,40,44,48,52,56,60,64,68,72,76,80,80,80,80,80,80,80,80,926.552,1516.82,1578.39,2265.29,1936.65,1280.2,1810.7,1659.17,2405.47,2049.13,1741.06,1355.78,1717.17,1717.17,1717.17,,,
Georgia,,,,,,,,,,,9.09E-13,10.5,21,31.5,42,52.5,63,73.5,84,94.5,105,115.5,126,136.5,147,157.5,168,178.5,189,199.5,210.0047,208.8904,207.7479,206.6383,205.556,204.586,203.749,202.947,3.67283,23.5844,3.281312,232.346,15.9207,31.16,37.0161,118.603,114.082,123.903,108.0863,24.71353,227.46,227.46,227.46,,,
Germany,,,,,,,,,,,3984,5092,5514,6655,7990,8053,8708,9790,10670,9470,9570,9590,9670,10050,10880,11230,17704,25198,33012,40626,48060,48810.8,47131.1,47020.8,47800,48748.6,49796.7,50434.2,17178.637,16721.997,18783.095,17000,17632.30744,18307.05756,19813.01012,21634.29434,23896.59577,25243.98535,27179.47262,26140.45302,26828,26828,26828,,,
Ghana,,,,,,,,,,,10299.17,10059.86,10035.4,10828.84,8824.13,9258.88,9471.5,10883.93,9288.24,10237.39,12431.91,10557.81,12064.41,10765.6,10718.43,9832.29,10199.63,10676.96,10021.95,10794.48,13283.94097,10836.64602,12389.5187,11552.0467,11382.796,12483.463,12142.57,12358.376,110461.73,74714.12,86511.65,82885.59,71867.91,87560.58,52043.12,91288.43,78309.07,68825,73683.2,60037.4,59847.5,59847.5,59847.5,,,
Greece,,,,,,,,,,,1235.236,1592.5298,1721.5482,1884.9017,1997.8447,1835.8624,1843.2669,1915.0377,2104.7024,2394.8579,2614.4183,2665.3616,2525.9881,2346.1992,2709.7251,2567.7661,2610.0855,2538.0248,2623.6926,2404.5141,2510.4675,2024.5554,1893.1031,2138.5567,2367.6197,2890.4136,3011.8489,3076.1673,6577.76,3609.124,4378.3,1197.064,2517.8836,2447.802,2482.739,2326.23,1175.6606,7478.04,1540.306,1663.373,1477.7908,1477.7908,1477.7908,,,
Greenland,,,,,,,,,,,-1.42E-14,1.42E-14,0,0,0,2.84E-14,0,0,-2.84E-14,2.84E-14,0,-2.84E-14,0,0,0,0,0,0,0,-2.84E-14,0,0,0,2.84E-14,-2.84E-14,-2.84E-14,0,-2.84E-14,17,0,0,-2.84E-14,0,2.84E-14,2.84E-14,0,0,2.84E-14,-2.84E-14,-2.27E-13,1.14E-13,-2.56E-13,4.83E-13,,,
Grenada,,,,,,,,,,,1.09,1.1202,1.1505,1.1807,1.221,1.2512,1.2914,1.3217,1.3619,1.3922,1.432,1.466,1.494,1.528,1.566,1.599,1.629,1.671,1.701,1.752,1.782,1.816,1.854,1.897,1.936,1.979,2.019,2.061,2.101,2.152,2.192,2.236,2.284,2.337,2.385,2.429,2.475,2.531,2.576,2.622,2.678,2.678,2.678,,,
Guam,,,,,,,,,,,0,0.2,0.4,0.6,0.8,1,1.2,1.4,1.6,1.8,2,2.2,2.4,2.6,2.8,3,3.2,3.4,3.6,3.8,4,4,4,4,4,4,4,4,-4.22E-15,-4.44E-15,9.33E-15,-2.00E-15,4.00E-15,-6.00E-15,4.00E-15,2.44E-15,-5.77E-15,-1.11E-15,1.78E-15,4.88E-15,9.10E-15,2.22E-16,-8.44E-15,,,
Guatemala,,,,,,,,,,,1363.964,1721.733,1740.548,1762.726,2144.044,2189.763,1903.246,2287.927,2363.913,3513.936,2942.28,2296.63,4141.38,2875,3283.21,3312.12,3743.87,4175.63,4275.16,3653.05,3678.64,4784.3412,3826.5324,4572.9232,4295.3044,4282.5156,4686.8668,3722.5376,41111.7,4574.12,26253.1,1401.02,8582.52,21738.8,2555.47,15458.4,4583,10630.7,9286.44,12999.4,4998.11,4998.11,4998.11,,,
Guinea,,,,,,,,,,,37120,36342.4,36022.1,38812.1,31286.9,33202.5,33967.4,39346.6,34027,36853.2,44925.9,38173.1,43693.5,40995.9,40850.5,37557.7,37973.7,39543.2,37054,39988.6,49423.2,40330.9,46242.3,43269.8,43095,47432.7,46279.3,47116.7,101594,73422.9,68816.8,62324.7,84366.3,59712.5,60460.8,64470.2,65189.4,51365.9,74073.9,63099.9,49936.1,49936.1,49936.1,,,
Guinea-Bissau,,,,,,,,,,,5.68E-14,1,2,3,4,5,6,7,8,9,10,11,12,13,14,15,16,17,18,19,20,20,20,20,20,20,20,20,4723.28,6442.62,5027.03,5392.51,4003.2,9043.91,5129.14,3564.86,8160.13,4389.96,3484.87,2764.29,4864.69,4864.69,4864.69,,,
Haiti,,,,,,,,,,,1.14E-13,0.2,0.4,0.6,0.8,1,1.2,1.4,1.6,1.8,2,2.2,2.4,2.6,2.8,3,3.2,3.4,3.6,3.8,4,3.97778,3.95556,3.93333,3.91111,3.88889,3.86667,3.84444,0,133.057,35.7361,146.491,44.4302,120.771,109.705,118.368,107.369,52.1319,144.497,99.3997,82.0667,82.0667,82.0667,,,
Heavily indebted poor countries (HIPC),,,,,,,,,,,2060009.738,1364261.068,1443186.554,1507832.756,1329322.632,1516033.842,1419124.562,1569605.004,1613016.003,2005905.09,1832902.318,1612836.38,1809397.787,1799581.416,1503700.093,1495640.436,1429847.52,1814442.89,1411214.58,1537420.133,2027800.351,1723515.047,2457071.322,1679735.418,1794847.377,1850863.7,1664540.582,1618409.131,3805518.255,3070431.164,3079463.023,2688329.08,2812419.403,3330342.01,2975012.593,3592468.429,2966441.664,2979454.021,2981066.114,2614141.398,2826522.911,3343806.011,3343806.011,,,
High income,,,,,,,,,,,594410.7078,587602.5957,629558.855,594283.4918,611867.6777,617595.2418,710538.6494,703792.8023,674115.9884,772821.5014,828578.9698,824713.087,742224.1196,767396.0202,736927.8419,781373.1687,804505.0291,830415.5142,894010.9951,999340.8674,967694.3706,951996.0045,900310.2804,947648.0098,1035642.327,1040616.397,1011426.625,1342875.714,2501287.423,1577643.461,1610975.955,1569477.153,1997620.2,2436583.238,1716674.891,1345457.344,1712688.957,1493867.534,1771092.091,1617270.836,1236664.251,1580893.551,1580893.551,,,
High income: nonOECD,,,,,,,,,,,390876.6211,367124.8717,422026.1625,382900.1318,372069.4493,380040.1133,402195.3969,387374.7373,393887.0573,399286.8582,406820.4481,407104.7099,412073.5036,417273.1863,407671.4291,417394.2011,436632.0834,453752.6642,443597.4602,444360.6631,476553.7546,449154.6795,450645.0934,456304.1976,420804.5048,411345.0215,483414.0714,430390.8419,1328986.301,426306.7331,638506.9111,518397.9382,804631.982,1344875.191,244721.3354,333186.2227,504961.1421,346796.0934,754424.3327,400338.6116,380968.2693,459150.2693,459150.2693,,,
High income: OECD,,,,,,,,,,,203534.0867,220477.724,207532.6925,211383.36,239798.2284,237555.1285,308343.2525,316418.065,280228.9311,373534.6432,421758.5217,417608.3771,330150.616,350122.8339,329256.4128,363978.9676,367872.9457,376662.85,450413.5349,554980.2043,491140.616,502841.3251,449665.1869,491343.8123,614837.8221,629271.3758,528012.5537,912484.8722,1172301.122,1151336.728,972469.0442,1051079.215,1192988.218,1091708.047,1471953.556,1012271.121,1207727.814,1147071.441,1016667.758,1216932.224,855695.9817,1121743.282,1121743.282,,,
Honduras,,,,,,,,,,,1232.671,1683.677,1787.396,1887.752,2365.681,2492.941,2239.265,2720.557,2854.543,4104.323,3567.38,2973.09,4947.85,3675.81,4173.94,4318.02,4826.15,5337.64,5495.16,4907.77,4991.31,6157.48,5175.98,5964.47,5684.35,5674.1,6091.82,5083.5,10720.2,3052.03,10420.9,761.542,2630.12,9171.53,821.042,8404.76,2269.17,2021.96,2611.9,2430.49,1641.25,1641.25,1641.25,,,
Hong Kong,,,,,,,,,,,-5.68E-14,20.9,38.3,64,83.6,130,185,227,266,332,393,377,388,395,491,577,548,516,453,440,379,358,323,261,208,160,159,151,140,148,155,150,144,136,128,119,125,131,137,144,150,150,150,,,
Hungary,,,,,,,,,,,600,650.16,698.724,739.51,786.89,842.5,892,944.3,992,1050.3,1112,1157.2,1200,1232.6,1284.3,1317,1349.2,1380.1,1420.7,1459.4,1485.674,1378.091,1046.174,1072.55,1105.366,1182.884,1179.7,1267.016,608.551,709.1,763.16279,1066.053,1069.3671,1210.6595,1394.7884,1517.67089,1689.54723,1611.8207,1729.6955,1752.2091,1786.0723,1786.0723,1786.0723,,,
Iceland,,,,,,,,,,,450.0507,1369.366,2304.607,3493.014,4339.286,5108.859,6064.64,7012.52,7927.64,8780.39,9687.12,10575.29,11475.72,12367.39,13299.8,14097.49,15008.54,15979.69,16842.47,17807.34,18658.45663,18658.8327,17762.891,17734.945,17705.53,17703.83,17705.47,17715.58,127.9,148.8,540.2,144.3,142.6,144.95,149.45,152.17,247.9765,208.89,359.09,201.39,262.36,262.36,262.36,,,
India,,,,,,,,,,,33066.87,33612.525,34174.95,34226.375,34382.2,35135.625,36162.25,37051.475,37739.4,38535.925,39018.85,39369.38,39680.9,39989.82,49832.15,43290.68,42751.4,42938.13,43092.85,44442.58,44762.3,45262.3,44802.3,44482.3,43822.3,43602.3,43342.3,43812.3,34174.7,140664,56626,29181.7,36038.8,46733.8,63163.8,36217,49555,90490.4,50765.9,74490.2,153658,153658,153658,,,
Indonesia,,,,,,,,,,,130405.8,94658.48,422459.5,174340.9,110213.86,109630.88,223327.6,472386.6,209279.1,352071.6,367114,304127.2,1719475.8,678492.6,373887.6,398558.6,677988,1172880,454053.8,512904.7,694624.4,1479017,1394773,863827.8,1435668,801313.8,785779.5,3496158,514596,109210,63047.8,234594,904534.3,237381,340074,341334,1246981,61010.2,76301.2,304612,2555.69,2555.69,2555.69,,,
"Iran, Islamic Republic of",,,,,,,,,,,-9.09E-12,92.15,199.1,431.45,596.6,844.75,780.9,772.55,809.2,826.55,863.3,874.15,1071.8,1119.95,1408.1,1680.25,1795.4,1928.55,2001.7,2193.55,2777,3229.833,3054.667,2773.5,2431.333,2237.167,2043,1944.833,2215.418,2644.027,2167.954,2163.734,2933.552,2926.727,2827.347,2930.659,3142.288,3789.84,3106.088,3332.661,5101.79,5101.79,5101.79,,,
Iraq,,,,,,,,,,,2.73E-12,179.1,356.2,549.1,736,972,1153,1346,1544,1780,2014,2138,2296,2450,2714,2964,3038,3106,3140,3219,3253,3279.68,3296.33,3288.01,3280.66,3272.34,3285.99,3288.67,333,696.957,319.986,437.884,363.756,426.392,297.042,214.165,292.722,421.981,348.299,295.591,461.174,461.174,461.174,,,
Ireland,,,,,,,,,,,10486.11,10486.6905,10486.631,10487.4488,10487.4688,10488.4198,10489.6916,10490.9216,10492.3726,10494.634,10497.287,10498.107,10499.927,10499.984,10501.908,10501.971,10505.548,10509.971,10512.042,10514.118,10519.8,10408.08,10303.7,10205,10122.26,10082.39,10047.21,10018.86,393.2,695.9898,916.5,942.4,917.829189,1061.1653,1059.91183,1152.67747,1209.6344,1275.3199,1318.63058,1163.4,1289.1,1289.1,1289.1,,,
Isle of Man,,,,,,,,,,,,,,,,,,,,,,,,,,,,,,,,,,,,,,,,,,,,,,,,,,,,,,,,
Israel,,,,,,,,,,,29,106.3578,150.7678,200.41,209.924,240.298,255.358,291.315,307.692,352.856,345.62,404.57,431.72,469.74,582.05,663.37,754.79,843.25,1078.93,1199.61,1198.36,1178.123,1158.377,1096.1,1039.133,1037.967,1079.8,1117.333,1375,1529,1792.589542,2008.0599,1957,1898.03198,1874.49215,1976.05845,2166.87262,2314.02862,2475.67956,2626.09797,2817.7386,2817.7386,2817.7386,,,
Italy,,,,,,,,,,,2575.356,2433.034,2324.7864,2930.815,3269.679,3034.985,3365.9609,4198.418,4473.546,4568.496,4689.639,4952.518,4414.277,4360.89,4648.353,4767.727,5105.706,5198.479,5419.42,5639.005,4708.853,4531.923,4112.334,4279.047,4981.566,5176.318,7232.039,7255.687,8861.555,10198.48,9878.76,11149.54,10398.009,11003.759,10782.588,10750.37,12016.781,14455.39,14194.074,15106.66,15661.444,15661.444,15661.444,,,
Jamaica,,,,,,,,,,,1.14E-13,4,8,12,16,20,24,28,32,36,40,44,48,52,56,60,64,68,72,76,80.00737,81.1613,82.3824,84.0672,86.1444,89.1056,92.5168,95.5076,10.4,13.7,70.8,59.2,95.1,86.1,96.8,136.6,162.4,125.1,160.8,187.5,166.3,166.3,166.3,,,
Japan,,,,,,,,,,,10511.31,10822.431,12724.92,16041.69,14296.431,13994.431,16992.431,21949.31,23691.69,25725.31,28507.69,25511.31,23839.31,27589.39,27245.31,26308.92,28171.31,30988.08,31187.31,31806.431,37997.69,42772.49,48224.94,55885.19,54549.99,74423.51,67083.92,65753.1,58170,55375.969,51527.488,51573.592,48702.753,50810.465,50551.046,54092.379,58240.616,62056.408,64967.436,67778.125,71746.256,71746.256,71746.256,,,
Jordan,,,,,,,,,,,8.53E-14,1.14E-13,-2.56E-13,1.42E-13,1.71E-13,-3.98E-13,5.68E-14,1.71E-13,1.14E-13,-5.68E-14,0,4.55E-13,3.98E-13,0,-7.96E-13,-7.96E-13,-1.48E-12,0,-6.82E-13,1.14E-13,7.97E-05,0.000447,0.00176,0.00731,0.0174,0.0389,1.49,3.42,6.08,9.52,19.7,31.2,48.26536,59.8,83.5,112,124,143,161.03077,177.0573958,193,193,193,,,
Kazakhstan,,,,,,,,,,,5860.4,3908.49,17585,5864.9,1959.41,1960.91,5869.4,3917.49,1965.41,1966.91,1968.41,3923.49,3924.99,1972.91,3927.99,5882.9,9791.39,9792.89,9794.39,9795.89,15657.8262,7844.22,7844.877,9800.77,7850.36,3948.39,29350.9,9821.39,24960,7677.1,14064.6,23951.3,65813.1,23821,32800.7,28955.7,37027.8,21215,22825.2,11215.9,30363.3,30363.3,30363.3,,,
Kenya,,,,,,,,,,,1.82E-12,100,200,300,400,500,600,700,800,900,1000,1100,1200,1300,1400,1500,1600,1700,1800,1900,2000,2111.11,2222.22,2333.33,2444.44,2555.56,2666.67,2777.78,26178.9,4819.34,5032.2,2672.84,2184.2,3706.33,1621.5,2141.81,1158.7,3910.02,2569.13,1398.08,1408.54,1408.54,1408.54,,,
Kiribati,,,,,,,,,,,8.88E-16,0.2,0.4,0.6,0.8,1,1.2,1.4,1.6,1.8,2,2.2,2.4,2.6,2.8,3,3.2,3.4,3.6,3.8,4,4,4,4,4,4,4,4,-1.78E-15,-2.22E-15,0,4.44E-16,-4.44E-16,1.33E-15,-4.88E-15,-3.55E-15,3.11E-15,4.00E-15,-4.44E-16,2.22E-15,1.33E-15,3.11E-15,-4.44E-15,,,
"Korea, Democratic People's Republic of",,,,,,,,,,,7.28E-12,126.25,252.5,378.75,505,631.25,757.5,883.75,1010,1136.25,1262.5,1388.75,1515,1641.25,1767.5,1893.75,2020,2146.25,2272.5,2398.75,2525.172,2526.56,2529.9,2542.9,2566,2598.1,2762,2934,3326.46,1396.877,3673.25,4344.37,2228.3754,2418.07081,3316.685,4320.05,3111.0481,3326.9879,3858.709,4700.065,4195.93736,4195.93736,4195.93736,,,
"Korea, Republic of",,,,,,,,,,,385.5,488.5,567.2,797.8,978.4,1227,1736.6,2000.2,2279.8,2719.4,2944,2876.6,2938.2,3061.8,3796.4,4057,4375.6,4736.2,5089.8,5591.4,6165,6749,7124,7296,7642,8262,11152,12322,12191.849,16874.1528,14933.778,11622.441,15016.84,12858.14977,11632.7591,12037.7683,10629.88466,10778.6758,11184.8138,9367.8673,8967.6745,8967.6745,8967.6745,,,
Kosovo,,,,,,,,,,,,,,,,,,,,,,,,,,,,,,,,,,,,,,,,,,,,,,,,,,,,,,,,
Kuwait,,,,,,,,,,,2.27E-13,26.2,48.8,82.9,110,174,198,232,269,336,402,376,376,373,451,516,476,433,362,331,263.147,350.778,427.11,457.55,478.6,488.3,492.3,467,442.5,467,498,551,624,726,827,930,1031,1137,1242,1347,1451,1451,1451,,,
Kyrgyzstan,,,,,,,,,,,23.8226,37.6323,114.9679,89.0726,94.94082,116.69082,154.3226,168.1323,181.94082,203.69082,225.44082,255.1323,276.8823,290.69082,320.3823,350.0726,387.7049,409.4549,431.2049,452.9549,498.53149,465.1349,463.548,470.0809,460.687,443.6583,546.134,466.2179,50.9156,26.2964,93.0763,110.905,242.927,200.684,138.502,198.093,240.196,257.277,230.204,105.438,67.9931,67.9931,67.9931,,,
Lao People's Democratic Republic,,,,,,,,,,,12455.88,7871.26,10069.15,14791.29,7998.52,7830.19,7537.44,11973.72,14676.06,12642.6,15186.88,13156.79,13018.73,25186.23,14323.22,11977.02,14205.15,19273.66,15032.1,10161.62,17280.24,15388.22,22802.92,18544.73,16178.52,18544.73,13812.32,13654.26,104372,109246,13588,4308,21513,8095,54595,35709,11655,58632,8816.91,12126.8,13684.1,136841,136841,,,
Latin America & Caribbean (all income levels),,,,,,,,,,,1166005.26,829435.8959,1002851.787,843072.5443,906625.1093,1021445.422,1175036.626,919810.6124,1105416.779,1181265.592,1249690.183,1132908.106,1214864.742,1225004.087,983623.4091,1037981.205,1105200.546,1340914.128,1140546.193,1146062.219,1306913.832,1251660.935,1307860.439,1435822.238,1033467.893,1129557.577,1172059.605,1181125.544,1838186.257,1147346.97,645589.3321,595910.6733,913760.7233,1063334.094,1307958.309,1814993.669,978427.4731,2215148.509,805856.1679,450042.3253,2003113.838,2520396.938,2520396.937,,,
Latin America & Caribbean (developing only),,,,,,,,,,,1113757.121,794494.9694,958917.909,807142.3274,867378.598,976016.4004,1121305.011,879240.2794,1055312.84,1126715.129,1190833.342,1079611.602,1158532.236,1167225.705,938005.471,989272.482,1052813.305,1276784.19,1086586.198,1090934.879,1243477.582,1191821.293,1246447.679,1368883.415,987313.9594,1078312.968,1118800.208,1117279.297,1747139.935,1067467.863,564932.1401,504638.537,845749.3849,927521.378,1193164.976,1728661.016,895571.1722,2108293.518,687681.201,357734.6685,1938016.066,2455299.166,2455299.166,,,
Latvia,,,,,,,,,,,5126,5126,5126,5126,5126,5126,5126,5126,5126,5126,5126.573,5126.576,5126.578,5126.58,5126.584,5126.589,5126.607,5126.628,5126.647,5126.664,5126.7589,5071.842,5017.18,4966.272,4919.942,4881.81,4848.38,4817.74,156.75,149.8304,219.7727,296.5446,802.474,523.5163,684.2036,887.53,1062.7618,1105.48,1245.45,1260.4314,1345.6153,1345.6153,1345.6153,,,
Least developed countries: UN classification,,,,,,,,,,,2258583.835,1426310.987,1580569.869,1862810.414,1408703.255,1559431.107,1430278.822,1784536.923,1945932.243,2214017.75,2119538.759,1857057.981,2009077.762,2553829.394,1813798.572,1705994.631,1732370.76,2294700.999,1750227.407,1641104.184,2375112.309,2040482.392,3049391.802,2104394.183,2160160.404,2290978.064,1898865.822,1843577.724,3821455.172,3067302.872,2907116.93,2573580.874,2784387.828,3151715.475,3118484.441,3291465.633,2809079.04,3060627.934,2886865.118,2633822.542,2922155.253,3245312.153,3252507.635,,,
Lebanon,,,,,,,,,,,3.41E-13,0.15,0.3,0.45,0.6,0.75,0.9,1.05,1.2,1.35,1.5,1.65,1.8,1.95,2.1,2.25,2.4,2.55,2.7,2.85,3,2.98333,2.96667,2.95,2.93333,2.91667,2.9,2.88333,120.641,39,1.02E-12,2,2.67834,4.33219,3.33581,2.34585,68,33.8698,2.03065,6.04082,3.57275,3.57275,3.57275,,,
Lesotho,,,,,,,,,,,1.14E-13,2.275,4.55,6.825,9.1,11.375,13.65,15.925,18.2,20.475,22.75,25.025,27.3,29.575,31.85,34.125,36.4,38.675,40.95,43.225,45.5,46.0834,46.6666,47.25,47.8334,48.4166,49,49.5834,2956.62,1856.57,1314.01,2024.16,844.377,2519.81,638.625,1852.69,363.465,2597.73,684.103,859.343,1542.45,1542.45,1542.45,,,
Liberia,,,,,,,,,,,19.4506,24.8043,30.581,38.8974,38.7473,46.6407,57.0506,67.4839,69.0271,80.707,93.2578,93.5303,107.3271,110.9864,116.763,123.3629,129.9863,137.4563,141.5396,146.9168,163.677839,157.85644,164.73851,164.4342,166.2574,171.92,173.3906,176.1551,3393.507,1627.8,271.28,90.71,85.77,128.42,194.5,28.6,203.8,190.3,222.9,159.3,322.7,322.7,322.7,,,
Libya,,,,,,,,,,,-5.57E-12,10.27,25.7,53.65,85.1,153.75,159.5,169.25,178,198.75,213.5,191.25,181,168.75,184.5,190.25,216,242.75,256.5,299.25,317,301,274,228,188,152,166,172,183,159,179,204,218,248.0088,261.7512,282,307,315,335,350,366,366,366,,,
Liechtenstein,,,,,,,,,,,,,,,,,,,,,,,,,,,,,,,,,,,,,,,,,,,,,,,,,,,,,,,,
Lithuania,,,,,,,,,,,5896,5896,5896,5896,5896,5896,5896,5896,5896,5896,5896.779,5896.784,5896.79,5896.796,5896.802,5896.809,5896.833,5896.857,5896.881,5896.903,5896.9917,5905.016,5913.64,5925.34,5939.2,5964.22,5993.85,6024.01,119.03201,200.3731,200.2015,233.89315,427.199,413.8906,523.11332,659.08151,743.5444,832.18,931.15,1070.90047,1298.1,1298.1,1298.1,,,
Low & middle income,,,,,,,,,,,3921141.129,2678328.542,3369449.982,3285564.309,2744360.487,3024024.874,3164898.432,3598397.417,3665515.542,4173227.782,4209289.683,3728293.778,5454556.164,5007769.391,3660514.24,3601076.42,4002090.284,5359134.48,3836451.401,3784814.271,4971818.601,5328456.447,6413603.345,4981571.586,5243484.792,4841560.024,4462682.827,7197063.887,7160230.193,5117554.285,4280988.947,3938214.497,5362024.397,5124453.989,5388624.048,6278258.839,5858800.924,6110729.513,4532016.365,4153411.917,5821359.021,6661799.021,6688994.503,,,
Low income,,,,,,,,,,,1539559.426,974528.2449,1025111.437,1090275.588,952837.9495,1096467.055,992573.9262,1134869.094,1169911.692,1494764.314,1310128.91,1153536.277,1298247.289,1297846.403,1067578.238,1066044.376,1000503.435,1303817.7,983717.2045,1083296.733,1461305.466,1232970.445,1845157.966,1164306.141,1309988.087,1333950.301,1171254.13,1128251.865,2726060.651,2069332.105,2136977.9,1947042.045,1973053.941,2378069.92,2140557.019,2401715.011,2146912.325,2103353.189,2142909.509,1884770.877,2117799.396,2117799.396,2124994.878,,,
Lower middle income,,,,,,,,,,,1274192.132,901545.3219,1367314.266,1325636.298,912191.9931,948924.0311,1061543.65,1529636.027,1389226.297,1516123.976,1660385.576,1439553.208,2947762.785,2413621.306,1557576.023,1461728.481,1850086.636,2670642.053,1655384.097,1524204.169,2145247.476,2793380.478,3162144.039,2325927.887,2776552.997,2262706.54,2010427.401,4796722.196,2378542.322,1872050.581,1387767.637,1277491.023,2255863.256,1599167.042,1861213.797,2039136.757,2517007.032,1650684.908,1298157.665,1542944.536,1318284.796,2158724.796,2178724.796,,,
Luxembourg,,,,,,,,,,,2.10E-12,0.345,0.69,1.035,1.38,1.725,2.07,2.415,2.76,3.105,3.5331,3.8782,4.2233,4.5684,4.9135,5.2587,5.6056,5.9525,6.2995,6.6467,7.1351,7.13303,7.3284,8.66005,11.12503,16.1593,22.6629,28.30678,30.635,41.22,52.14,61.85,71.87,81.09,91.5,101.12,113.13,123.15,134.16,141.18,146.19,146.19,146.19,,,
Macao,,,,,,,,,,,1.58E-14,-6.44E-15,-1.73E-14,-2.62E-14,2.13E-14,-2.04E-14,-1.29E-14,-8.44E-15,2.49E-14,-3.77E-14,-1.95E-14,1.60E-14,1.33E-14,-1.42E-14,-3.91E-14,-2.75E-14,-3.46E-14,-9.77E-15,7.99E-14,-1.78E-14,-4.97E-14,-7.46E-14,-8.88E-15,1.28E-13,-9.41E-14,-5.33E-15,-1.47E-13,-1.24E-14,-3.20E-14,2.15E-13,-1.63E-13,-5.15E-14,1.37E-13,5.15E-14,1.47E-13,1.60E-14,5.51E-14,-4.44E-14,8.17E-14,-6.57E-14,3.38E-14,-1.72E-13,1.05E-13,,,
"Macedonia, the former Yugoslav Republic of",,,,,,,,,,,-9.09E-13,3.125,6.25,9.375,12.5,15.625,18.75,21.875,25,28.125,31.25,34.375,37.5,40.625,43.75,46.875,50,53.125,56.25,59.375,62.5152,61.9485,61.593,62.3167,64.2623,68.7977,74.3333,78.439,52.6285,51.5,399.664,95.9696,76.04886,82.599576,105.14076,127.21018,139.95064,675.401,242.0286,175.19673,186,186,186,,,
Madagascar,,,,,,,,,,,20616.3,12130.25,13052.85,14032.64,12456.43,14685.69,13246.34,15272.21,16242.77,21210.49,18150.97,16287.13,18353.36,18620.85,15259.53,15572.69,14627.01,19275.26,14587.1,16038.61,21410.76178,18412.03882,27494.7863,17236.454,19496.338,19648.206,17231.605,16543.65,111586.57,60582.18,55615.56,103595.05,59861.51,136413.72,62314.98,129129.85,81494.94,107015.08,65830.73,88772.99,87364.5,87364.5,87364.5,,,
Malawi,,,,,,,,,,,-4.55E-13,60,120,180,240,300,360,420,480,540,600,660,720,780,840,900,960,1020,1080,1140,1200,1200,1200,1200,1200,1200,1200,1200,10496.9,7310.33,8798.6,5943.27,6977.43,12827,7794.22,12876.4,7414.77,9768.22,9928.51,7723.95,12868.7,12868.7,12868.7,,,
Malaysia,,,,,,,,,,,74974.5078,50443.56,62308.8,87369.6458,51471.1058,51023.3658,49273.1658,73598.8858,88215.4858,78411.6858,93045.8858,81922.5858,82721.2858,145568.5858,88360.3208,76095.3208,88456.5168,114983.4128,92583.3478,68064.8478,105795.6475,97563.6606,139583.2752,118461.9596,107554.1597,122186.5952,98447.6567,99394.3152,97471.5774,4719.71,5143.93,7934.85,17252.7,7310.52,12385.9,22549.3,16680.1,12666,8745.14,24370.3,3865.8,3865.8,3865.8,,,
Maldives,,,,,,,,,,,4.44E-16,0.2,0.4,0.6,0.8,1,1.2,1.4,1.6,1.8,2,2.2,2.4,2.6,2.8,3,3.2,3.4,3.6,3.8,4,3.97778,3.95556,3.93333,3.91111,3.88889,3.86667,3.84444,0,1.24E-14,3.20E-14,1.78E-15,-7.11E-15,-3.20E-14,-1.78E-14,3.55E-14,-3.55E-15,-3.55E-15,5.68E-14,-1.78E-14,-9.95E-14,4.62E-14,-3.55E-14,,,
Mali,,,,,,,,,,,11738.34,11473.71,11348.08,12211.12,9806.75,10392.92,10613.5,12292.59,10588.67,11461.8,13993.77,11836.02,13558.67,12684.41,12615.95,11555.45,11664.09,12138.16,11328.75,12236.62,15197.76,12321.74,14193.57,13252.13,13197.21,14567.97,14202.54,14469.33,67485.1,59444,51309.7,64152.3,60650.7,47187.1,66633.3,65088.3,60608.1,46912,57388.2,45626.2,47837.1,47837.1,47837.1,,,
Malta,,,,,,,,,,,1.42E-14,7.11E-15,4.97E-14,-9.24E-14,-9.95E-14,5.68E-14,-3.55E-14,-3.55E-14,-5.68E-14,-3.55E-14,9.95E-14,-7.11E-15,1.35E-13,-4.97E-14,-1.56E-13,2.13E-14,5.68E-14,0,-2.42E-13,3.69E-13,0.0133,0.108,0.388,1.63,4.11,8.86,14.9,21.3,29.4,39.2,50,62.5,76.6,87,98.5,115,128,141,154,167,173,173,173,,,
Marshall Islands,,,,,,,,,,,,,,,,,,,,,,,,,,,,,,,,,,,,,,,,,,,,,,,,,,,,,,,,
Mauritania,,,,,,,,,,,6.82E-13,6,12,18,24,30,36,42,48,54,60,66,72,78,84,90,96,102,108,114,120,120.222,120.444,120.667,120.889,121.111,121.333,121.556,563,481,2387,1645,168,85,559,782,800,2544,580,643,1371,1371,1371,,,
Mauritius,,,,,,,,,,,0,0.004,0.008,0.012,0.016,0.02,0.024,0.028,0.032,0.036,0.04,0.044,0.048,0.052,0.056,0.06,0.064,0.068,0.072,0.076,0.08117,0.08776,0.1059,0.192,0.354,0.675,1.15,1.64,2.29,3.24,4.38,6.13,7.93,9.96,12.6,15.6,17.6,19.8,22.1,24.3,26.4,26.4,26.4,,,
Mexico,,,,,,,,,,,10851.0246,14512.893,15002.573,15569.193,19446.539,20074.259,17886.253,21941.139,23013.399,33994.237,29074.84,23704.853,40959.018,29714.109,34015.74,34894.04,39301.772,43944.187,45377.187,40025.64,39807.84,50014.318,40329.04,47812.587,44826.972,44557.772,50443.987,41588.309,141864,39658.9,51544.7,22165.1,31698.9,56192.9,17874.7,64046.1,48458.9,36585.4,38245.2,46911.4,24456.1,24456.1,24456.1,,,
"Micronesia, Federated States of",,,,,,,,,,,,,,,,,,,,,,,,,,,,,,,,,,,,,,,,,,,,,,,,,,,,,,,,
Middle East & North Africa (all income levels),,,,,,,,,,,29,1349.8038,3866.1358,5049.015,6494.834,8200.083,9821.498,11450.34,12889.892,14587.231,16337.57,17239.295,18862.32,19748.515,21689.1,23532.495,24445.99,25833.525,26691.28,28169.735,30111.16078,29000.51823,28989.24198,28494.01731,27824.75018,27465.32612,28344.41,28458.32278,10378.758,11587.3089,11749.32964,11906.05588,12673.3652,13396.63599,13841.37933,14921.89172,16197.16302,19401.93861,17092.24294,18425.71104,20711.48295,20711.48295,20711.48295,,,
Middle East & North Africa (developing only),,,,,,,,,,,-1.06E-11,363.646,726.568,1266.455,1708.41,2415.035,3039.24,3659.975,4036,4422.025,4898.45,5236.075,5713.8,5960.825,6672.95,7532.875,7517.8,8001.725,7971.65,8318.275,8843.56968,9316.985897,9071.85531,8631.26731,8216.91385,7789.26245,8151.18,7795.50645,6283.058,7148.1089,6936.6701,6618.695978,7127.865197,7585.40401,7661.38718,8180.83327,8817.2904,11524.90999,8743.73338,9533.213074,11263.04435,11263.04435,11263.04435,,,
Middle income,,,,,,,,,,,2381581.703,1703800.297,2344338.545,2195288.721,1791522.538,1927557.819,2172324.506,2463528.322,2495603.849,2678463.468,2899160.773,2574757.501,4156308.875,3709922.988,2592936.002,2535032.044,3001586.849,4055316.781,2852734.197,2701517.538,3510513.135,4095486.002,4568445.378,3817265.446,3933496.706,3507609.723,3291428.697,6068812.022,4434169.542,3048222.18,2144011.047,1991172.452,3388970.457,2746384.07,3248067.029,3876543.828,3711888.599,4007376.324,2389106.856,2268641.04,3703559.625,4543999.625,4563999.625,,,
"Moldova, Republic of",,,,,,,,,,,-1.14E-12,1.125,2.25,3.375,4.5,5.625,6.75,7.875,9,10.125,11.25,12.375,13.5,14.625,15.75,16.875,18,19.125,20.25,21.375,22.50372,22.3901,22.2787,22.3303,22.2304,22.4026,22.5177,22.6478,2.087683,6.25294,1.9,15.3913,8.79945,4.840515,15.30673,31.6103,37.2118,39.5971,99.352,22.38455,34.1923,34.1923,34.1923,,,
Monaco,,,,,,,,,,,,,,,,,,,,,,,,,,,,,,,,,,,,,,,,,,,,,,,,,,,,,,,,
Mongolia,,,,,,,,,,,146.434,1563.8118,3127.6221,4740.247,6108.8118,7623.8118,9138.8118,10751.434,12315.247,13781.434,15345.247,16811.434,18326.434,20085.495,21356.434,22822.6221,24386.434,25999.059,27416.434,28833.8118,30495.247,31279.834,32259.671,32995.147,33779.734,34661.947,35397.7221,36230.8221,25489.4,5663.07,26232.8,3816.61,28141.1,18152.5,6025.5,7414.48,16452.3,32935.7,23463.8,26721,2215.77,2215.77,2215.77,,,
Montenegro,,,,,,,,,,,,,,,,,,,,,,,,,,,,,,,,,,,,,,,,,,,,,,,,,,,,,,,,
Morocco,,,,,,,,,,,-2.73E-12,0.875,1.75,2.625,3.5,4.375,5.25,6.125,7,7.875,8.75,9.625,10.5,11.375,12.25,13.125,14,14.875,15.75,16.625,17.5,17.5,17.5,17.5,17.5,17.5,17.5,17.5,33,10.7268,60,29.4069,2.12719,58.7379,144.743,147.228,98.8996,19.081,-5.46E-12,15.0809,15.6054,15.6054,15.6054,,,
Mozambique,,,,,,,,,,,15845.65,9590.57,10326.89,11103.56,9980.04,11683.27,10630.58,12181.89,12941.54,16672.25,14413.24,13053.72,14628.58,14875.9,12411.38,12675.93,12051.86,15574.22,12166.32,13320.44,17381.81376,15152.3035,21890.9378,14270.787,15940.158,16050.19,14250.19,13734.59,278017.8,182318.6,191098.7,270184.6,228085,331549.4,279244.8,324123.7,288485.9,304056.3,349771,292389,364254,364254,364254,,,
Myanmar,,,,,,,,,,,543252,342042,437680,643776,345917,338002,324569,518239,635864,546441,657219,567799,561327,1093165,617156,513980,610826,831944,645758,431946,742806,659969,984444,798054,694501,798054,590947,584043,189756,189731,78176,42525,118699,74254.5,238181,99684.2,84170.2,232544,75751.5,151865,206274,406274,406274,,,
Namibia,,,,,,,,,,,-4.55E-13,2,4,6,8,10,12,14,16,18,20,22,24,26,28,30,32,34,36,38,40,40,40,40,40,40,40,40,15180,19944.2,23797.1,21469,18842,17619,23067.8,18812.8,26908.1,25305.5,17495.5,28818.8,26129,26129,26129,,,
Nepal,,,,,,,,,,,158.5989,159.3489,160.0989,160.8489,161.5989,162.3489,163.0989,167.2119,167.9619,168.7119,169.4619,170.2119,170.9619,171.7119,213.085,176.5749,177.3249,178.0749,178.8249,179.5749,180.3249,180.3249,180.3249,180.3249,180.3249,180.3249,180.3249,180.3249,562.229,12295.2,2443.18,739.31,317.701,527.737,1010.55,636.622,364.946,298.486,627.268,1059.12,799.498,799.498,7994.98,,,
Netherlands,,,,,,,,,,,11647.69,12273.3,12926.7,13552.5,14544.8,14372.1,14793.2,14907.6,15423.9,15567,15768,15882,15523,15832,16228,16204,16630,16922,17641,17969,15056,15012.4,14735.77,15070.17,15245.55,14665.95,15155.32,14771.72,7813,7247,7463,4095,3130,3656,3379,3618,3981,4203.142454,4500,4670,4912,4912,4912,,,
New Caledonia,,,,,,,,,,,4.26E-14,1.28E-13,1.42E-14,-1.42E-14,1.28E-13,1.71E-13,5.68E-14,0,7.11E-14,-1.42E-14,-2.84E-14,2.70E-13,-4.26E-14,8.53E-14,9.95E-14,5.68E-14,-1.28E-13,9.95E-14,-5.68E-14,-1.99E-13,7.11E-14,4.26E-14,1.42E-13,-2.84E-14,0,-8.53E-14,7.11E-14,-7.11E-14,4.26E-14,-7.11E-14,-4.26E-14,7,33,3,14,7,3,1.14E-13,-4.26E-14,3,3,3,3,,,
New Zealand,,,,,,,,,,,6.12,326.26,810.54,1153.5,1360.57,1596.3,1946.5,2207.5,2469,2726.5,2964.3,3195.4,3467.2,3915.1,4237.2,4474,4679.2,4955.2,5183.8,5401.4,5609.558,5526.526,5405.24,5428.61,5196.98,5293.92,5292.99,5182.46,1388.508,2025.8,1505.8,989.183,808.9683,1045.711,977.266,1109.676,1389.013,1492.834,1627.822,1426.316,1764.25,1764.25,1764.25,,,
Nicaragua,,,,,,,,,,,0,20,40,60,80,100,120,140,160,180,200,220,240,260,280,300,320,340,360,380,400,400,400,400,400,400,400,400,8450.59,504.016,1425.09,1715.75,1713.52,3160.7,1296.79,2925.55,1461.9,1130.36,1593.44,1600.47,1140.85,1140.85,1140.85,,,
Niger,,,,,,,,,,,4.55E-13,-9.09E-13,0,0,2.27E-13,2.27E-13,2.27E-13,-9.09E-13,0,4.55E-13,4.55E-13,4.55E-13,0,-9.09E-13,-2.27E-13,-2.27E-13,4.55E-13,0,9.09E-13,-9.09E-13,4.55E-13,2.22222,4.44444,6.66668,8.88888,11.1111,13.3333,15.5556,1401,2107,1766.04,1677,1607,1700,1266,1538.02,1391.02,1613,1335,1275,1410,1410,1410,,,
Nigeria,,,,,,,,,,,6489.27,6378.511,6348.997,6861.52,5571.77,5933.17,6095.53,7066.18,6164.47,6692.42,8132.76,7011.22,8008.08,7564.95,7574.79,7028.37,7152.54,7476.44,7094.48,7661.78,9375.4023,7725.1135,8745.942,8210.701,8169.57,8923.95,8771.84,8971.83,151632.1,173445.5,121237.1,118820,109439,119007,91307.7,174955,108418,107407,93622.62,66587.95,76218.8,76218.8,76218.8,,,
North America,,,,,,,,,,,112139.3,127484.77,95516.35,97290.23,116856.2,107750.37,157668.55,152293.25,120008.61,195265.05,229971.1,241904.15,143983.6,163420.05,134472.3,151068.55,150595.3,150951.65,209725.2,297745.95,214093.8,214795.1778,169102.8556,205547.4333,314173.8111,325286.8889,223601.5667,221046.8444,608217.4,344848.1,282438.8,230909.5,496396.3,469921.7,756060,517203,498580.8,514854,536334.2,523566.7,462573.8,728621.1,728621.1,,,
Northern Mariana Islands,,,,,,,,,,,,,,,,,,,,,,,,,,,,,,,,,,,,,,,,,,,,,,,,,,,,,,,,
Norway,,,,,,,,,,,5167.6,4887.3,5133.2,5763.1,5985,5529,6917,6997,6825,7092,6946,6860,6822,7355,8035,8069,8100,8530,9280,9500,9730.0449,8792.036,6423.65,6495.5,6309.27,5971.93,5983.8,6240.97,5299.7,5560,5745,5686.51101,4103,4487.56916,4996.80692,5257.3139,5010,5155.89522,5244.3718,2793,1822,1822,1822,,,
Not classified,,,,,,,,,,,,,,,,,,,,,,,,,,,,,,,,,,,,,,,,,,,,,,,,,,,,,,,,
OECD members,,,,,,,,,,,214389.4613,235126.883,222777.7974,227338.351,259751.0674,258510.5125,327280.8555,339539.779,304237.1301,408531.9052,451818.6117,442432.7051,372302.334,381085.8679,364884.3028,400958.3826,409470.3177,422902.862,498288.7719,597784.1193,533849.0046,555848.6081,493095.0199,542064.5323,662427.1671,676426.9498,581003.0227,956544.9462,1317718.342,1194024.982,1027382.985,1077102.495,1228553.178,1152096.907,1494834.96,1081910.071,1262424.285,1190251.144,1061893.572,1272539.144,888486.9517,1154534.252,1154534.252,,,
Oman,,,,,,,,,,,-7.96E-13,699,1398,2097,2796,3495,4194,4893,5592,6291,6990,7689,8388,9087,9786,10485,11184,11883,12582,13281,13980.0183,14381.205,14782.525,15184.62,15587.39,15991.92,16395.53,16798,11.8,13.1,9.57,33.4,58.9,91.2,133,175,210,246,275.83,331.4,370.7,370.7,370.7,,,
Other small states,,,,,,,,,,,4537.18,2768.339,2968.488,3185.467,2864.676,3342.085,3033.334,3469.903,3678.232,4725.141,4079.5,3687.499,4127.508,4193.547,3492.106,3558.685,3380.654,4377.143,3411.862,3735.521,4882.332823,4252.589496,6159.286478,4009.10019,4482.5451,4515.18435,4008.36797,3863.44114,77158.5267,82795.7974,85752.4644,76143.4356,66049.4908,41591.3802,47906.689,41906.7381,75847.5977,55169.932,136217.247,50894.0575,128899.191,128899.191,128899.191,,,
Pacific island small states,,,,,,,,,,,-2.88E-13,5.2,10.4,15.6,20.8,26,31.2,36.4,41.6,46.8,52,57.2,62.4,67.6,72.8,78,83.2,88.4,93.6,98.8,104,103.97778,103.95556,103.93333,103.91111,103.88889,103.86667,103.84444,254,-3.04E-14,9,6,4,133,11,8,19,41,17,290,52,52,52,,,
Pakistan,,,,,,,,,,,36.0799,65.2249,87.2699,116.6149,135.4599,178.8049,252.9499,324.4579,394.6029,505.7479,620.8929,595.0379,606.1829,612.3279,748.1062,849.6179,902.7629,959.9079,964.0529,1075.1979,1092.3429,1008.3429,891.3429,709.3429,555.3429,420.3429,421.3429,408.3429,3780.93,2855.35,756.795,587.909,622.781,679.4653,801.7288,1007.332,931.5708,1039.029,1189.798,1158.986,1158.594,1158.594,1158.594,,,
Palau,,,,,,,,,,,,,,,,,,,,,,,,,,,,,,,,,,,,,,,,,,,,,,,,,,,,,,,,
Panama,,,,,,,,,,,-3.41E-13,20,40,60,80,100,120,140,160,180,200,220,240,260,280,300,320,340,360,380,400,400,400,400,400,400,400,400,152,87,359,687.392,577.808,266.229,620.905,143.903,590.568,424.356,335.354,798.779,123.166,123.166,123.166,,,
Papua New Guinea,,,,,,,,,,,4296.02,3388.11,13024.06,6310.4,4407.83,4487.67,7860.53,15692.45,8122.04,12640.77,13194.79,11339.27,55285.59,24683.76,15057.07,15284.88,24094.52,38849.38,16725.94,17961.7,22598.1137,46308.5529,44748.512,29670.46,46942.35,28893.28,28611.98,115463.94,1501.2,1142,1948.554,4116.53,77628,4156.6,12679,2284,6543.1,2282.2,1462.4,3075.6,2188,2188,2188,,,
Paraguay,,,,,,,,,,,35243.3,24330.35,29797.93,24636.86,26476.3,30058.07,34959.41,26583.31,32371.01,34217.08,36448.41,32875.11,34721.44,35398.13,27494.94,29142.68,31078.94,38299.74,31786.44,32079.64,37128.42,34931.21,37175.52,40908.63,28249.46,31373.15,32587.23,32919.47,21048.3,101637,12695.8,53810.2,52382.4,54579,41381.9,62021.9,41299.6,112433,27732.6,20655.1,20326.5,20326.5,20326.5,,,
Peru,,,,,,,,,,,17892.93,12632.6,15296.07,12809.57,13709.29,15466.13,17869.24,13847.56,16685.9,17613.44,18753,17060.65,17988.2,18350.31,14541.84,15337.47,16266.4,19814.97,16686.42,16864.48,19348.3396,18294.893,19375.976,21220.63,15092.32,16592.06,17170.19,17343.13,20366.5,12688,13557.6,906.112,821.96,2204.32,1889.69,12985.5,3901.4,12912.7,2610.39,2273.9,5662.86,5662.86,5662.86,,,
Philippines,,,,,,,,,,,3036.05,1964.965,2537.36,3738.45,2120.385,2152.305,2148.955,3272.72,3963.24,3517.42,4172.94,3633.76,3582.77,6525.66,3895.16,3317.12,3860.81,5098.34,4051.5,2874.385,4599.67,4210.85,6086.55,5075.71,4517.54,5096.71,3914.5,3837.5,31767.5,4257,12487.2,4841.2,3430.17,2490.87,1254.715,2645.59,61859.2,2641.88,898.041,71530.8,3890.6,3890.6,3890.6,,,
Poland,,,,,,,,,,,906.19,2163.8,3423.1,4672.9,5914.9,7178.1,8431.5,9689.3,10899.2,12112.8,13339.1,14338.6,15399,16678,17977,19255,20490,21723,22941,24160,25372.0803,25311.178,25264.78,25224.3,25226.8,25308.6,25298,25346.4,1193.811,1314.8652,1400.3956,1495.8563,1877.1,1942.8881,2217.3417,2564.64206,2803.51722,3060.6032,3287.899,2938.5258,2586.330536,2586.330536,2586.330536,,,
Portugal,,,,,,,,,,,6.51,12.1802,14.7805,20.5907,20.101,28.8512,37.1814,44.8117,54.1419,66.2722,73.63,76.48,81.02,83.75,79.59,90.81,111.48,126.05,136.21,146.78,165.194,161.962,180.0723,177.3732,201.4145,240.5655,287.9668,333.0777,7502.81,2154.46,5971.36,3960.42,2756.87,8760.03,3302.34,14603.5,3043.33,1485.184,1180.102,3364.03,5733.12,5733.12,5733.12,,,
Puerto Rico,,,,,,,,,,,26.9681,39.4069,46.7699,50.7699,63.2103,70.5733,66.1329,78.5733,85.9363,115.2542,105.7381,96.2219,142.4206,116.0253,131.8271,135.8271,151.6304,164.0692,171.4322,161.9161,165.9161,191.2356,169.2791,186.1582,181.0824,177.7194,189.5212,164.2033,2.84E-13,12,1.71E-13,14,3,4,7,13,12,17,19,13,3,3,3,,,
Qatar,,,,,,,,,,,2.13E-14,-8.95E-13,1.45E-12,-2.84E-14,-1.07E-12,1.73E-12,1.19E-12,-3.69E-13,-1.31E-12,-8.53E-13,5.68E-13,1.14E-12,1.59E-12,-6.82E-13,-2.27E-13,-4.55E-13,4.55E-13,0,9.09E-13,2.05E-12,2.05E-12,1.36E-12,-9.09E-13,-6.82E-13,1.82E-12,-9.09E-13,1.82E-12,3.64E-12,1.82E-12,-1.82E-12,-3.64E-12,1.93E-12,-2.98E-12,3.30E-12,-2.19E-12,-1.19E-12,6.48E-12,1.36E-12,-3.35E-12,-7.39E-13,5.85E-12,-2.04E-10,4.01E-10,,,
Romania,,,,,,,,,,,1201.09,1372.56,1554.03,1835.5,2436.98,2688.45,2769.93,2851.4,2952.88,3044.35,3385.83,3457.31,3098.78,3330.26,3631.74,3723.22,3844.7,3976.18,4097.66,4189.15,3040.6703,2870.993,2301.76,2265.7,2323.96,2403.2,2266.54,2273.87,1323.612,1022.874,984.636,954.211,636.334,632.481,791.449,796.8467,1040.835,1145.591,1657.749,664.9735,975.42,975.42,975.42,,,
Russian Federation,,,,,,,,,,,320625.59,315307.5,358056.4,323034.9,311798.2,312481.2,325339.9,319752.4,314082.2,314689.2,314968.2,321376.4,322020.4,317567.2,324791.4,331558.9,344936,346626,348506,349936,368181.9,347122.2,342790.2,345896,332526.2,316395.4,388358,323503,1231990,340739,548122,418584,724614,1195790,114911.7,231798,403454,222449,617921,290492,295702,373884,373884,,,
Rwanda,,,,,,,,,,,-1.14E-13,20.8,41.6,62.4,83.2,104,124.8,145.6,166.4,187.2,208,228.8,249.6,270.4,291.2,312,332.8,353.6,374.4,395.2,416.00466,438.4653,460.9478,483.502,505.8557,528.499,551.155,573.829,2105.04,1289.51,1460.68,274.46,927.3,762.515,1278.79,799.991,628.747,427,604.813,870.966,1242.02,1242.02,1242.02,,,
Samoa,,,,,,,,,,,0,0.2,0.4,0.6,0.8,1,1.2,1.4,1.6,1.8,2,2.2,2.4,2.6,2.8,3,3.2,3.4,3.6,3.8,4,4,4,4,4,4,4,4,-1.42E-14,-2.84E-14,-7.11E-15,0,-7.11E-15,1.42E-14,1.42E-14,-1.42E-14,0,-2.13E-14,0,-2.13E-14,-7.11E-15,-4.26E-14,1.42E-14,,,
San Marino,,,,,,,,,,,,,,,,,,,,,,,,,,,,,,,,,,,,,,,,,,,,,,,,,,,,,,,,
Sao Tome and Principe,,,,,,,,,,,-1.33E-15,0.2,0.4,0.6,0.8,1,1.2,1.4,1.6,1.8,2,2.2,2.4,2.6,2.8,3,3.2,3.4,3.6,3.8,4,4,4,4,4,4,4,4,2.66E-15,-1.15E-14,1.60E-14,-1.95E-14,1.78E-14,-1.78E-15,8.88E-15,3.55E-15,0,-3.55E-15,-3.55E-15,-7.11E-15,1.42E-14,1.95E-14,-8.88E-15,,,
Saudi Arabia,,,,,,,,,,,-3.18E-12,26.9,61.2,123,187,335,497,707,955,1340,1780,1610,1560,1480,1720,1870,1980,2100,2100,2350,2440.0525,2430.335,2221.02,1853.9,1508.67,1237.1,1257.8,1226.3,1248,1322.9,1348.5,1516.4,1721,1865,2026,2200,2352,2492,2599,2757,2891,2891,2891,,,
Senegal,,,,,,,,,,,0,1.22,2.44,3.66,4.88,6.1,7.32,8.54,9.76,10.98,12.2,13.42,14.64,15.86,17.08,18.3,19.52,20.74,21.96,23.18,24.4,24.7878,25.1743,25.5597,25.9439,26.327,26.7089,27.0896,31138.3,41251.9,33660.7,43113.8,39290.3,19666.3,32480.4,32842.1,41061.6,28639.2,31208,26468.2,30598.9,30598.9,30598.9,,,
Serbia,,,,,,,,,,,,,,,,,,,,,,,,,,,,,,,,,,,,,,,,,,,,,,,,,,,,,,,,
Seychelles,,,,,,,,,,,-4.44E-15,-8.88E-15,-4.44E-15,5.33E-15,7.11E-15,1.07E-14,-1.24E-14,1.07E-14,3.55E-15,7.11E-15,1.78E-14,-1.42E-14,1.42E-14,0,-3.55E-15,3.55E-15,1.78E-15,-5.33E-15,2.13E-14,8.88E-15,-1.42E-14,2.66E-14,2.49E-14,1.42E-14,-3.55E-14,-1.78E-15,-3.73E-14,3.55E-15,1.78E-15,-2.13E-14,1.95E-14,3.73E-14,-4.26E-14,2.13E-14,-3.55E-14,-6.75E-14,-3.55E-14,-3.55E-14,0,-6.39E-14,3.55E-15,-3.55E-15,-1.42E-14,,,
Sierra Leone,,,,,,,,,,,3559.67,3482.03,3447.92,3712.39,2987.55,3168.08,3237.91,3750.6,3237,3504.78,4275.68,3624.75,4150.84,3888.73,3871.59,3552.51,3588.78,3735.93,3493.92,3771.68,4673.490468,3803.88476,4373.0392,4090.1571,4075.7806,4493.9093,4385.424,4468.3,14256.5818,20854.9783,10931.2626,27553.286,18240.408,16416.76,16597.02,10913.37,20671.04,19178.38,24122.03,10088.08,5820.25,5820.25,5820.25,,,
Singapore,,,,,,,,,,,1.1,19.5536,37.507,62.975,86.089,126.293,169.26,201.4,235.72,286.27,333.68,326.83,335.76,349.85,422.11,452.29,479.4,511.69,543.2,581.05,642.6,732.022,722.144,745.467,746.989,844.611,934.333,1013.056,993,1282,1410,1889,2102,2323,2363,2507,2846,3064,3285,3100,3299,3299,3299,,,
Sint Maarten (Dutch part),,,,,,,,,,,,,,,,,,,,,,,,,,,,,,,,,,,,,,,,,,,,,,,,,,,,,,,,
Slovakia,,,,,,,,,,,68.6,96.29,123.48,148.57,167.76,167.35,165.24,180.53,195.42,209.81,228.3,229.99,246.68,266.17,270.16,284.55,301.94,314.63,326.62,343.51,352.1222,374.669,331.227,301.103,287.232,312.488,382.567,389.844,136.9,155.7,185.3,212.00904,250.36192,291.44802,346.28972,393.6339605,439.8,486.5,529.5409427,1288.92603,1574.3,1574.3,1574.3,,,
Slovenia,,,,,,,,,,,80.89,222.86,140.63,179.4,282.18,325.95,383.73,275.5,286.28,360.05,359.83,386.61,500.38,468.16,520.94,556.72,598.5,935.28,825.06,920.85,943.6581,808.504,741.775,702.82,644.593,508.117,500.94,478.253,336.31,327.95,322.99,294.03,291.37,348.32,406.86,471.2,499.64,538.39,581.73,554.97,601.02,601.02,601.02,,,
Small states,,,,,,,,,,,19651.13,13806.6892,16298.0785,14816.1477,15463.487,17394.1262,19369.1254,16779.4147,19601.9639,21591.9832,22103.612,20421.095,21859.202,22361.745,18676.892,19665.504,20466.213,24335.944,21113.153,21971.553,25391.02362,23897.84285,26704.34342,26040.4554,21474.1846,22738.11015,22734.90583,22724.57218,82534.4997,83599.2114,86919.7184,76511.2067,67570.54125,45861.66757,48605.496,43359.5356,76520.8056,56496.7362,137794.9409,53142.9883,129609.2602,129609.2602,129609.2602,,,
Solomon Islands,,,,,,,,,,,-2.27E-13,0.6,1.2,1.8,2.4,3,3.6,4.2,4.8,5.4,6,6.6,7.2,7.8,8.4,9,9.6,10.2,10.8,11.4,12,12,12,12,12,12,12,12,4.55E-13,0,4.55E-13,-4.55E-13,0,-4.55E-13,4.55E-13,-4.55E-13,-9.09E-13,1,0,-2.73E-12,1.82E-12,1.82E-12,3.18E-12,,,
Somaliland,,,,,,,,,,,9.09E-13,10,20,30,40,50,60,70,80,90,100,110,120,130,140,150,160,170,180,190,200.0000594,200.000313,200.000896,200.00351,200.00796,200.0164,200.063,200.115,1305.176,1268.274,301.564,96.7027,100.742,449.972,62.06,137.965,73.2487,131.46,238.397,17.73,159.127,159.127,159.127,,,
South Africa,,,,,,,,,,,2797.31,1260.85,1507.32,1673.24,1418.95,1851.01,1609.17,1983.46,2166.06,3117.07,2519.18,2446.98,2921.26,3090.38,2511.22,2625.55,2587.476,3483.58,2551.603,2846.77,3871.451,3029.483,4706.139,2591.783,2993.338,3089.702,2975.107,3036.931,49047.8,43797.4,28786.3,38459.5,41073.7,32815,26723.4,49490.4,30109,41399.8,37638,34178.8,38504.8,38504.8,38504.8,,,
South Asia,,,,,,,,,,,42366.7918,43041.2218,43721.9718,43905.7448,44180.0548,45073.0948,46263.4148,47475.1228,48326.1058,49323.3258,50010.9458,50425.1708,50837.3858,51242.0008,63678.2742,55117.3158,54720.7308,55054.1558,55302.5708,56852.9958,57279.4108,57694.94418,57117.47756,56615.01093,55800.54431,55445.07729,55185.61067,55642.14404,39276.008,163166.19,61723.432,32661.8427,37773.9231,48924.7755,66194.5728,38683.2004,53117.9289,94696.407,53066.9849,79044.6725,157873.2759,157873.2759,165068.7579,,,
South Sudan,,,,,,,,,,,,,,,,,,,,,,,,,,,,,,,,,,,,,,,,,,,,,,,,,,,,,,,,
Spain,,,,,,,,,,,1868.7,2001.02,2178.84,2498.56,2874.88,2961.6,3177.72,3336.84,3481.96,4434.08,5860.2,6032.32,5626.44,5735.56,6067.68,5955.8,5956.92,5389.04,5568.16,6478.28,6270.4,6409.589,6575.778,6501.967,6452.155,6724.345,7014.533,6963.722,10729.55,7672.34,11474.55,7941.6,8067.686,10478.43,10600.62,11786.17,15059.46,11273.831,11646.062,12856.7,12885.6,12885.6,12885.6,,,
Sri Lanka,,,,,,,,,,,747.823,752.423,757.023,764.986,769.586,774.186,778.786,796.838,804.801,809.401,814.001,818.601,823.201,827.801,1024.703,850.453,855.053,859.653,864.253,868.853,873.453,873.0086,872.5642,872.1198,871.6754,871.2306,870.7862,870.3418,392.149,940.27,441.388,155.87,321.136,107.411,478.578,242.205,253.43,139.508,86.2143,465.584,90.9509,90.9509,90.9509,,,
Saint Kitts and Nevis,,,,,,,,,,,8.88E-15,-1.78E-15,-7.11E-15,0,-5.33E-15,3.55E-15,-8.88E-15,-1.78E-15,3.55E-15,3.55E-15,7.11E-15,1.78E-15,-8.88E-15,-1.78E-15,8.88E-15,0,-5.33E-15,-3.55E-15,-1.42E-14,1.24E-14,6.85E-05,0.000719,0.00289,0.0132,0.035,0.0748,0.15,0.255,0.376,0.55,0.817,1.13,1.47,1.83,2.5,3.29,3.59,4.08,4.57,4.99,5.42,5.42,5.42,,,
Saint Lucia,,,,,,,,,,,7.11E-15,1.78E-14,-3.55E-15,1.07E-14,-1.42E-14,-2.49E-14,-3.55E-15,-2.13E-14,-1.42E-14,7.11E-15,3.55E-15,1.07E-14,1.42E-14,-1.42E-14,-1.42E-14,-1.07E-14,-1.07E-14,3.55E-15,-1.78E-14,-1.42E-14,1.78E-14,0,7.11E-15,2.13E-14,2.13E-14,2.84E-14,-1.42E-14,2.84E-14,1.42E-14,0,-1.42E-14,4.97E-14,-7.11E-15,3.55E-15,1.42E-14,0,-3.20E-14,-5.68E-14,-2.13E-14,-2.84E-14,-4.97E-14,-1.42E-14,3.55E-14,,,
Saint Martin (French part),,,,,,,,,,,,,,,,,,,,,,,,,,,,,,,,,,,,,,,,,,,,,,,,,,,,,,,,
Saint Vincent and the Grenadines,,,,,,,,,,,-7.11E-15,3.55E-15,3.55E-15,0,-3.55E-15,-3.55E-15,0,0,3.55E-15,0,0,-3.55E-15,-3.55E-15,0,1.07E-14,-7.11E-15,0,-7.11E-15,0,-7.11E-15,5.13E-05,0.00033,0.00119,0.00467,0.01,0.0205,0.0684,0.133,0.236,0.362,0.685,0.833,1.01,1.2,1.62,1.89,2.1,2.35,2.6,2.84,3.07,3.07,3.07,,,
Western Sahara,,,,,,,,,,,1923745.366,1268011.513,1325126.545,1411314.747,1223028.852,1396324.458,1279315.737,1464654.149,1483840.383,1870331.594,1688624.877,1481706.673,1670528.488,1658817.564,1392960.633,1377811.166,1303754.795,1660570.172,1281010.637,1407575.775,1881155.681,1581475.367,2311745.213,1513591.819,1681035.667,1725676.321,1533570.252,1487367.951,4031938.054,3238203.301,3271884.365,2920893.12,2977229.178,3440664.986,3010652.887,3623750.5,3074809.19,3028714.991,3209393.581,2769093.273,3051218.096,3051218.096,3051218.096,,,
Sub-Saharan Africa (developing only),,,,,,,,,,,1923745.366,1268011.113,1325125.745,1411313.547,1223027.252,1396322.458,1279313.337,1464651.349,1483837.183,1870327.994,1688620.877,1481702.273,1670523.688,1658812.364,1392955.033,1377805.166,1303748.395,1660563.372,1281003.437,1407568.175,1881147.681,1581467.367,2311737.213,1513583.819,1681027.667,1725668.321,1533562.252,1487359.951,4031938.054,3238203.301,3271884.365,2920893.12,2977229.178,3440664.986,3010652.887,3623750.5,3074809.19,3028714.991,3209393.581,2769093.273,3051218.096,3051218.096,3051218.096,,,
Sudan,,,,,,,,,,,3.64E-12,200,400,600,800,1000,1200,1400,1600,1800,2000,2200,2400,2600,2800,3000,3200,3400,3600,3800,4000,4000,4000,4000,4000,4000,4000,4000,416843,399350,415604,307307,395569,379355,364472,406808,287696,375424,370467,354732,297048,297048,297048,,,
Suriname,,,,,,,,,,,6865.49,5006.14,5862.81,5099.11,5445,5881.7,6849,5469.37,6564.94,6872.58,7296.85,6577.71,6940.34,7000.94,5562.88,5909.77,6252.62,7283.73,6258.21,6501.31,7423.87,7044.58,7443.96,8079.14,5865.16,6405.07,6644.8,6701.51,699,201.5,217,0,412,243,401,150,161,105,930,720,15,15,15,,,
Swaziland,,,,,,,,,,,1.14E-13,6,12,18,24,30,36,42,48,54,60,66,72,78,84,90,96,102,108,114,120,121.111,122.222,123.333,124.444,125.556,126.667,127.778,1781.49,863,349.924,260,426.276,353.371,463.877,510.098,127.077,927.179,592.573,353.433,570.981,570.981,570.981,,,
Sweden,,,,,,,,,,,838.962,817.879,814.5761,971.747,964.273,928.758,930.8173,1072.53,1096.628,1085.978,1011.7014,1014.77106,1060.95718,1108.51248,1175.5508,1257.30012,1207.3181,1246.07016,1212.72126,1199.43804,1182.96164,2762.61582,1038.84072,1073.66596,1143.48304,1293.43162,1392.23218,1498.8531,1505.244,1580.946,1720.804,1586,1827.34,1932.995,1944.0481,2142.0456,2515.163,2376.6647,2424.6457,1918.4824,2201,2201,2201,,,
Switzerland,,,,,,,,,,,1771.3,1099.435,991.925,1547.99,1556.75,1487.695,1104.251,1847.5,1954.04,1666.206,1882.17,2623.35,1517.632,2466.12,1660.27,2108.55,1855.5,2023.36,2151.9,2897.46,2891.805,2505.33,2058.9,2042.09,2806.44,1921.52,1595.121,1874.937,872.4,1042.1,1257.3023,1415,1613.8,1727.2,1874,2031.5,2296.9,2464.7,2647.4,2697.1,2731.8,2731.8,2731.8,,,
Syrian Arab Republic,,,,,,,,,,,-4.55E-13,0.45,0.9,1.35,1.8,2.25,2.7,3.15,3.6,4.05,4.5,4.95,5.4,5.85,6.3,6.75,7.2,7.65,8.1,8.55,9,8.94999,8.90001,8.85,8.79999,8.75001,8.7,8.64999,172.009,74.4951,41.1794,197.478,147.905,147.254,96.3939,61.6538,71.6114,76.8859,27.4144,85.4992,97.5066,97.5066,97.5066,,,
Tajikistan,,,,,,,,,,,1200,1290,1360,1480,1560,1670,1750,1790,1820,1910,2510,2570,2280,2490,2630,2750,2890,3010,3030,3040,2810.00459,4000.0464,3830.0931,2310.287,2090.43,1830.684,1370.73,1220.955,1077.34,908.88409,798.4746759,589.3111,368.6099,406.8839,507.991,403.4129,454.5944,463.7518,381.1976,393.3129,367.21168,367.21168,367.21168,,,
"Tanzania, United Republic of",,,,,,,,,,,49718.8,29894,31682.7,33602.5,29652.8,34442.9,30657.8,34975.8,36825.7,47883.5,40362.6,35640.4,40025.2,40312,32187.9,32502.4,30118.7,40575.5,29583.7,32702,44824,37889.622,58705.844,35092.167,40231.589,40536.011,34932.633,33299.356,230437,112815,165240,141944,131198,201884,167566,209862,124844,160071,158488,186661,187936,187936,187936,,,
Thailand,,,,,,,,,,,7542.89,4874.53,6333.78,9347.08,5351.91,5434.57,5430.24,8281.69,10066.07,8999.8,10703.65,9561.38,9606.58,17136.39,10769.07,9581.95,11154.9,14463.25,12051.81,9396.87,13907.98,12761.28,17231.75,14468.07,12875.52,14153.63,11170.6,10944.85,130231,40112.3,8756.02,4296.22,27681.9,17413.9,48700.6,28451.9,11795.1,50501.5,11692.1,14359.4,45556.3,45556.3,45556.3,,,
Timor-Leste,,,,,,,,,,,0,2.84E-14,2.84E-14,0,-2.84E-14,0,8.53E-14,0,0,2.84E-14,5.68E-14,-1.42E-14,1.42E-14,1.42E-14,-1.42E-14,-1.42E-14,0,5.68E-14,2.84E-14,0,4.26E-14,-2.84E-14,0,-2.84E-14,-5.68E-14,-2.84E-14,-2.84E-14,8.53E-14,2.84E-14,-2.84E-14,0,0,-5.68E-14,2.84E-14,2.84E-14,0,-2.84E-14,-2.84E-14,2.84E-14,8.53E-14,0,8.53E-14,-1.71E-13,,,
Togo,,,,,,,,,,,5731.25,5598.2,5536.12,5953.17,4777.14,5059.48,5162.89,5981.52,5146.37,5570.29,6803.98,5746,6584.97,6154.77,6119.43,5598.25,5647.51,5879.06,5479.48,5920.39,7363.26,5961.0824,6877.8144,6420.9368,6395.8988,7066.2612,6889.7232,7023.4456,23465,13727.9,15531.8,12065.2,14395,14516,8647,25291,11765,9473,14977,12749,11586,11586,11586,,,
Tonga,,,,,,,,,,,-4.44E-15,0.2,0.4,0.6,0.8,1,1.2,1.4,1.6,1.8,2,2.2,2.4,2.6,2.8,3,3.2,3.4,3.6,3.8,4,3.97778,3.95556,3.93333,3.91111,3.88889,3.86667,3.84444,-7.11E-15,0,-1.07E-14,-3.55E-15,7.11E-15,-1.42E-14,7.11E-15,0,7.11E-15,-1.78E-14,0,9.59E-14,-4.16E-13,-3.06E-13,1.10E-13,,,
Trinidad and Tobago,,,,,,,,,,,-5.68E-13,0.2,0.4,0.6,0.8,1,1.2,1.4,1.6,1.8,2,2.2,2.4,2.6,2.8,3,3.2,3.4,3.6,3.8,4,4.22224,4.44444,4.66668,4.88888,5.11112,5.33332,5.55556,208,99,16,189,7,224,62,105,133,298,142,112,261,261,261,,,
Tunisia,,,,,,,,,,,0,0.175,0.35,0.525,0.7,0.875,1.05,1.225,1.4,1.575,1.75,1.925,2.1,2.275,2.45,2.625,2.8,2.975,3.15,3.325,3.5,3.5,3.5,3.5,3.5,3.5,3.5,3.5,-9.09E-13,-1.36E-12,57,0.00287762,0.0109065,1.00752,8.01247,1.02392,9.09E-13,3.82079,1.32756,0.0283582,18.7391,18.7391,18.7391,,,
Turkey,,,,,,,,,,,4.35,136.266,242.5319,385.798,506.3,881.125,1051.35,1180.575,994.8,1003.025,985.25,1119.475,1192.7,1248.925,1612.15,2085.375,2295.6,2295.825,2498.05,2778.275,2900.5486,2992.965,3100.793,2908.133,2762.373,2597.802,2546.482,2471.765,3553.22,3029.354,3369.241,3858.18,3866.06,4195.96,5006.704,5592.85,6237.571,6594.303,6980.614,8695.52,8334.87,8334.87,8334.87,,,
Turkmenistan,,,,,,,,,,,5.67851,18.78578,47.0363,50.67851,61.89289,76.89289,95.67851,108.78578,121.89289,136.89289,151.89289,168.78578,183.78578,196.89289,213.78578,230.67851,249.46429,264.46429,279.46429,294.46429,315.14686,305.9487,304.4014,305.07129,301.9544,297.38278,321.0433,300.48729,70.95,107.315,123.9,48.808,257.879,911.298,732.092,240.06,315.566,386.374,165.6699,254.58,595.162,595.162,595.162,,,
Turks and Caicos Islands,,,,,,,,,,,-1.94E-16,-1.39E-17,4.16E-17,-2.78E-17,-8.33E-17,2.78E-17,-1.39E-16,-4.16E-17,5.55E-17,2.78E-17,4.16E-17,8.33E-17,0,-2.78E-17,4.16E-17,-1.11E-16,-3.05E-16,-1.25E-16,-8.33E-17,2.36E-16,2.78E-16,-2.78E-16,3.05E-16,-5.55E-17,1.94E-16,6.66E-16,0,3.61E-16,-3.61E-16,-3.89E-16,-2.50E-16,3.89E-16,5.55E-16,-6.11E-16,3.33E-16,-5.55E-16,-1.67E-16,-1.67E-15,1.78E-15,7.77E-16,4.44E-16,1.44E-15,-1.22E-15,,,
Tuvalu,,,,,,,,,,,-1.11E-16,5.55E-17,2.78E-16,3.33E-16,5.55E-17,-1.67E-16,2.78E-16,-3.33E-16,-5.55E-17,-1.67E-16,-2.22E-16,2.22E-16,-3.33E-16,-5.55E-17,0,-1.11E-16,-2.22E-16,1.11E-16,0,0,-5.55E-16,-2.22E-16,0,5.55E-16,4.44E-16,-4.44E-16,0,-2.22E-16,0,2.22E-16,-4.44E-16,6.66E-16,4.44E-16,4.44E-16,0,2.22E-16,0,-4.44E-16,-4.44E-16,4.66E-15,-1.33E-15,2.89E-15,2.89E-15,,,
Uganda,,,,,,,,,,,0,800,1600,2400,3200,4000,4800,5600,6400,7200,8000,8800,9600,10400,11200,12000,12800,13600,14400,15200,16000,16222.2,16444.4,16666.7,16888.9,17111.1,17333.3,17555.6,64744.8,36250.2,50578.6,35667.5,37627.5,64929.2,46915.9,82667.3,13846.1,51976.1,51611.6,23621.7,42896.4,42896.4,42896.4,,,
Ukraine,,,,,,,,,,,8326,8334,8341,8353,8360,8370,8377,8381,8384,8392,8405,8409,8415,8433,8444,8455,8461,8467,8464,8460,8437.0593,8340.018,8140.75,7946.76,7779.5,7594.63,7457.66,7320.91,1030.14,2037.66,1350.657,2033.52,3877.47,1112.419,1427.868,2435.31,2614.04,3629.05,5881.27,2205.21,1940.088,1940.088,1940.088,,,
United Arab Emirates,,,,,,,,,,,5.12E-13,6.7,20.8,49.25,83.5,160.75,187.9,227.05,270.2,345.35,421.5,373.65,352.8,327.95,367.1,385.25,403.4,422.55,416.7,459.85,846,945.98333,892.96667,769.95,654.93333,599.91667,653.9,737.88333,710,811,878,898,915,947,1024,1066,1168,1226,1281,1352,1425,1425,1425,,,
United Kingdom,,,,,,,,,,,1485.2,2203.34,3258.18,4466.32,5312.76,5761.2,6724.64,7822.08,8387.52,9214.96,9951.4,9808.84,9721.28,10466.72,11241.16,11636.6,12351.04,12947.48,13873.92,14524.36,14708.8,15498.8,15358.8,14548.8,16945.8,17409.8,17375.8,17260.8,9081.69,9472.438,8647.008,8579.6811,9485,10027.417,9515.66913,10254.21583,11160.9178,12255.8161,12910.49064,13367.64129,14312,14312,14312,,,
United States,,,,,,,,,,,66973.4,76163.52,72880.65,74197.68,85987.9,74304.92,94731.65,107322,100102.4,106056,101009.6,108399.8,91380.3,110107,105387.6,118114.3,113831.4,112148.6,163521.7,129355.8,176765.6,159557.2,133612.3,139950.4,145451.9,148417,172591.7,193266.4,174685.4,207339.1,219154.8,196278.1,287983.3,247809.7,442231,388105,302320.8,359451,336368.2,453215,389292.1,389292.1,389292.1,,,
Upper middle income,,,,,,,,,,,1107389.57,802254.9749,977024.2794,869652.4222,879330.5445,978633.7884,1110780.856,933892.2956,1106377.552,1162339.492,1238775.197,1135204.293,1208546.09,1296301.682,1035359.979,1073303.563,1151500.213,1384674.727,1197350.099,1177313.369,1365265.659,1302105.524,1406301.34,1491337.559,1156943.708,1244903.183,1281001.296,1272089.826,2055627.22,1176171.599,756243.41,713681.4298,1133107.201,1147217.028,1386853.232,1837407.07,1194881.567,2356691.416,1090949.192,725696.5039,2385274.829,2385274.829,2385274.829,,,
Uruguay,,,,,,,,,,,2.73E-12,20.2,40.4,60.6,80.8,101,121.2,141.4,161.6,181.8,202,222.2,242.4,262.6,282.8,303,323.2,343.4,363.6,383.8,404.00491,403.8088,403.673,403.812,404.352,405.318,408.118,411.544,242.565,452.515,335.193,77.1582,111.2109,230.155,328.818,428.075,307.211,315.05,421.683,360.226,175.1028,175.1028,175.1028,,,
Uzbekistan,,,,,,,,,,,5.52689,57.68464,124.58,167.52689,217.84224,271.84224,329.52689,381.68464,433.84224,487.84224,541.84224,597.68464,651.68464,703.84224,759.68464,815.52689,873.21153,927.21153,981.21153,1035.21153,1094.7852,1087.08613,1087.42913,1094.10153,1100.43913,1113.41464,1157.8344,1162.08153,127.0922,241.8617,297.501,348.599,418.7,426.7539,630.799,690.0102,739.7432,809.1438,1003.225,1019.112,989.45307,989.45307,989.45307,,,
Vanuatu,,,,,,,,,,,0,1.42E-14,-1.42E-14,1.42E-14,-2.84E-14,0,-2.84E-14,-1.42E-14,4.26E-14,0,-1.42E-14,1.42E-14,4.26E-14,-1.42E-14,0,1.42E-14,-1.42E-14,1.42E-14,-2.84E-14,1.42E-14,-2.84E-14,1.42E-14,-1.42E-14,-4.26E-14,-4.26E-14,4.26E-14,4.26E-14,0,0,0,1.42E-14,-4.26E-14,1.42E-14,4.26E-14,-1.42E-14,2,1.42E-14,-1.42E-14,-1.42E-14,-3.98E-13,2.42E-13,-2.42E-13,-2.13E-13,,,
"Venezuela, Bolivarian Republic of",,,,,,,,,,,34509.8,24574.08,29808.47,25217.6,27167.46,30655.69,35423.7,27889.7,33584.6,36012.6,38887.1,35812.6,37553.3,38683.8,31748.1,33484.4,35501.4,42484.7,36705.5,37654.4,42735.4,40738.62,42495.34,45790.67,33584.29,36433.51,37452.93,37736.76,60679,31777.5,37200.7,41190.1,19963.5,73257.7,46549.2,33597.8,28380.8,46115.8,31998.2,29773.2,24604.8,24604.8,24604.8,,,
Vietnam,,,,,,,,,,,367.695,493.3011,821.814,1220.2,1282.6641,1537.9381,1789.8491,2184.88,2523.474,2725.695,3064.289,3263.147,3521.784,4143.259,4082.777,4274.896,4603.414,5011.891,5150.955,5266.4721,5738.097,5681.681,5901.389,5775.09,5705.222,5775.09,5635.341,5631.978,43568.3,33149.9,5782.45,4957.32,13646.4,12599.5,21882.2,16271.8,8897.97,17038.3,4189.13,5667.14,5707.3,5707.3,25707.3,,,
"Virgin Islands, U.S.",,,,,,,,,,,-8.88E-16,0,2.66E-15,8.88E-16,3.55E-15,-1.78E-15,0,-3.55E-15,0,1.78E-15,-1.78E-15,0,5.33E-15,3.55E-15,0,1.78E-15,-1.78E-15,-5.33E-15,5.33E-15,5.33E-15,3.55E-15,-1.78E-15,5.33E-15,-1.78E-15,-1.78E-15,-3.55E-15,5.33E-15,0,-1.78E-15,1.78E-15,1.33E-15,3.55E-15,2.66E-15,-1.33E-15,-6.22E-15,-1.78E-15,2.66E-15,8.88E-16,-5.33E-15,-2.31E-14,3.55E-14,-1.78E-14,4.80E-14,,,
West Bank and Gaza,,,,,,,,,,,,,,,,,,,,,,,,,,,,,,,,,,,,,,,,,,,,,,,,,,,,,,,,
World,,,,,,,,,,,4515551.837,3265931.137,3999008.837,3879847.8,3356228.165,3641620.116,3875437.082,4302190.219,4339631.53,4946049.284,5037868.653,4553006.865,6196780.283,5775165.411,4397442.082,4382449.589,4806595.313,6189549.994,4730462.396,4784155.139,5939512.972,6280452.452,7313913.625,5929219.596,6279127.119,5882176.421,5474109.453,8539939.601,9661517.616,6695197.746,5891964.903,5507691.65,7359644.597,7561037.227,7105298.94,7623716.183,7571489.881,7604597.047,6303108.456,5770682.753,7058023.272,8242692.572,8269888.054,,,
Yemen,,,,,,,,,,,4.55E-13,0.15,0.3,0.45,0.6,0.75,0.9,1.05,1.2,1.35,1.5,1.65,1.8,1.95,2.1,2.25,2.4,2.55,2.7,2.85,3,2.98333,2.96667,2.95,2.93333,2.91667,2.9,2.88333,118,123,53,3,2,11,8,7,15,3,15,16,16,16,16,,,
Zambia,,,,,,,,,,,154786.4,93213.3,98930.4,105062.6,92918.8,107978.2,96339.7,109936.1,115848.8,150424.2,127154.1,112607.6,126412.5,127443.9,102306.6,103442.2,96161.3,128866.9,94797.5,104653.4,142550.5001,120995.4404,185840.2811,112365.1246,128401.2683,129378.9553,111975.5068,106932.6551,398747.0421,284064.054,249117.0666,256246.103,258745.146,313537.202,325247.275,348238.36,268931.403,295093.463,304755.522,249296.576,302551.63,302551.63,302551.63,,,
Zimbabwe,,,,,,,,,,,9.09E-13,40,80,120,160,200,240,280,320,360,400,440,480,520,560,600,640,680,720,760,800,811.112,822.224,833.332,844.444,855.556,866.668,877.776,46700.4,33554.2,21936.6,28531.8,22264.2,22342.2,35981.2,32905.6,31915.7,37927.1,45389.4,44519.4,46915.6,46915.6,46915.6,,,
